2026-07-24 09:18:09,532 [INFO] Connected to MT5. Account: 436984922, Balance: 100.0 USD
2026-07-24 09:18:09,535 [INFO] Polling https://khala-trading.onrender.com every 60s for symbols: ['XAUUSD', 'XAGUSD', 'EURUSD', 'GBPUSD', 'USDJPY', 'BTCUSD', 'US30']
2026-07-24 09:18:09,539 [INFO] Create a file named KILL_SWITCH in Z:\home\khala\projects\khala-trading anytime to halt trading instantly.
2026-07-24 09:18:11,747 [WARNING] [XAUUSD] Failed to fetch signal: 401 Client Error: Unauthorized for url: https://khala-trading.onrender.com/api/signal/XAUUSD?balance=100.0&risk=1.0
2026-07-24 09:18:12,836 [WARNING] [XAGUSD] Failed to fetch signal: 401 Client Error: Unauthorized for url: https://khala-trading.onrender.com/api/signal/XAGUSD?balance=100.0&risk=1.0
2026-07-24 09:18:13,920 [WARNING] [EURUSD] Failed to fetch signal: 401 Client Error: Unauthorized for url: https://khala-trading.onrender.com/api/signal/EURUSD?balance=100.0&risk=1.0
2026-07-24 09:18:14,910 [WARNING] [GBPUSD] Failed to fetch signal: 401 Client Error: Unauthorized for url: https://khala-trading.onrender.com/api/signal/GBPUSD?balance=100.0&risk=1.0
2026-07-24 09:18:16,223 [WARNING] [USDJPY] Failed to fetch signal: 401 Client Error: Unauthorized for url: https://khala-trading.onrender.com/api/signal/USDJPY?balance=100.0&risk=1.0
2026-07-24 09:18:17,263 [WARNING] [BTCUSD] Failed to fetch signal: 401 Client Error: Unauthorized for url: https://khala-trading.onrender.com/api/signal/BTCUSD?balance=100.0&risk=1.0
2026-07-24 09:18:18,722 [WARNING] [US30] Failed to fetch signal: 401 Client Error: Unauthorized for url: https://khala-trading.onrender.com/api/signal/US30?balance=100.0&risk=1.0
2026-07-24 09:19:19,932 [WARNING] [XAUUSD] Failed to fetch signal: 401 Client Error: Unauthorized for url: https://khala-trading.onrender.com/api/signal/XAUUSD?balance=100.0&risk=1.0
2026-07-24 09:19:21,335 [WARNING] [XAGUSD] Failed to fetch signal: 401 Client Error: Unauthorized for url: https://khala-trading.onrender.com/api/signal/XAGUSD?balance=100.0&risk=1.0
2026-07-24 09:19:22,338 [WARNING] [EURUSD] Failed to fetch signal: 401 Client Error: Unauthorized for url: https://khala-trading.onrender.com/api/signal/EURUSD?balance=100.0&risk=1.0
2026-07-24 09:19:23,406 [WARNING] [GBPUSD] Failed to fetch signal: 401 Client Error: Unauthorized for url: https://khala-trading.onrender.com/api/signal/GBPUSD?balance=100.0&risk=1.0
2026-07-24 09:19:24,457 [WARNING] [USDJPY] Failed to fetch signal: 401 Client Error: Unauthorized for url: https://khala-trading.onrender.com/api/signal/USDJPY?balance=100.0&risk=1.0
2026-07-24 09:19:25,522 [WARNING] [BTCUSD] Failed to fetch signal: 401 Client Error: Unauthorized for url: https://khala-trading.onrender.com/api/signal/BTCUSD?balance=100.0&risk=1.0
2026-07-24 09:19:26,552 [WARNING] [US30] Failed to fetch signal: 401 Client Error: Unauthorized for url: https://khala-trading.onrender.com/api/signal/US30?balance=100.0&risk=1.0
2026-07-24 09:20:27,817 [WARNING] [XAUUSD] Failed to fetch signal: 401 Client Error: Unauthorized for url: https://khala-trading.onrender.com/api/signal/XAUUSD?balance=100.0&risk=1.0
2026-07-24 09:20:28,926 [WARNING] [XAGUSD] Failed to fetch signal: 401 Client Error: Unauthorized for url: https://khala-trading.onrender.com/api/signal/XAGUSD?balance=100.0&risk=1.0
2026-07-24 09:20:29,981 [WARNING] [EURUSD] Failed to fetch signal: 401 Client Error: Unauthorized for url: https://khala-trading.onrender.com/api/signal/EURUSD?balance=100.0&risk=1.0
2026-07-24 09:20:31,127 [WARNING] [GBPUSD] Failed to fetch signal: 401 Client Error: Unauthorized for url: https://khala-trading.onrender.com/api/signal/GBPUSD?balance=100.0&risk=1.0
2026-07-24 09:20:32,932 [WARNING] [USDJPY] Failed to fetch signal: 401 Client Error: Unauthorized for url: https://khala-trading.onrender.com/api/signal/USDJPY?balance=100.0&risk=1.0
2026-07-24 09:20:34,176 [WARNING] [BTCUSD] Failed to fetch signal: 401 Client Error: Unauthorized for url: https://khala-trading.onrender.com/api/signal/BTCUSD?balance=100.0&risk=1.0
2026-07-24 09:20:35,169 [WARNING] [US30] Failed to fetch signal: 401 Client Error: Unauthorized for url: https://khala-trading.onrender.com/api/signal/US30?balance=100.0&risk=1.0
2026-07-24 09:21:36,707 [WARNING] [XAUUSD] Failed to fetch signal: 401 Client Error: Unauthorized for url: https://khala-trading.onrender.com/api/signal/XAUUSD?balance=100.0&risk=1.0
2026-07-24 09:21:42,776 [WARNING] [XAGUSD] Failed to fetch signal: 401 Client Error: Unauthorized for url: https://khala-trading.onrender.com/api/signal/XAGUSD?balance=100.0&risk=1.0
2026-07-24 09:21:43,853 [WARNING] [EURUSD] Failed to fetch signal: 401 Client Error: Unauthorized for url: https://khala-trading.onrender.com/api/signal/EURUSD?balance=100.0&risk=1.0
2026-07-24 09:21:45,046 [WARNING] [GBPUSD] Failed to fetch signal: 401 Client Error: Unauthorized for url: https://khala-trading.onrender.com/api/signal/GBPUSD?balance=100.0&risk=1.0
2026-07-24 09:21:46,258 [WARNING] [USDJPY] Failed to fetch signal: 401 Client Error: Unauthorized for url: https://khala-trading.onrender.com/api/signal/USDJPY?balance=100.0&risk=1.0
2026-07-24 09:21:56,706 [WARNING] [BTCUSD] Failed to fetch signal: 401 Client Error: Unauthorized for url: https://khala-trading.onrender.com/api/signal/BTCUSD?balance=100.0&risk=1.0
2026-07-24 09:21:57,847 [WARNING] [US30] Failed to fetch signal: 401 Client Error: Unauthorized for url: https://khala-trading.onrender.com/api/signal/US30?balance=100.0&risk=1.0
2026-07-24 09:22:59,624 [WARNING] [XAUUSD] Failed to fetch signal: 401 Client Error: Unauthorized for url: https://khala-trading.onrender.com/api/signal/XAUUSD?balance=100.0&risk=1.0
2026-07-24 09:23:00,780 [WARNING] [XAGUSD] Failed to fetch signal: 401 Client Error: Unauthorized for url: https://khala-trading.onrender.com/api/signal/XAGUSD?balance=100.0&risk=1.0
2026-07-24 09:23:03,026 [WARNING] [EURUSD] Failed to fetch signal: 401 Client Error: Unauthorized for url: https://khala-trading.onrender.com/api/signal/EURUSD?balance=100.0&risk=1.0
2026-07-24 09:23:04,426 [WARNING] [GBPUSD] Failed to fetch signal: 401 Client Error: Unauthorized for url: https://khala-trading.onrender.com/api/signal/GBPUSD?balance=100.0&risk=1.0
2026-07-24 09:23:05,575 [WARNING] [USDJPY] Failed to fetch signal: 401 Client Error: Unauthorized for url: https://khala-trading.onrender.com/api/signal/USDJPY?balance=100.0&risk=1.0
2026-07-24 09:23:06,835 [WARNING] [BTCUSD] Failed to fetch signal: 401 Client Error: Unauthorized for url: https://khala-trading.onrender.com/api/signal/BTCUSD?balance=100.0&risk=1.0
2026-07-24 09:23:08,629 [WARNING] [US30] Failed to fetch signal: 401 Client Error: Unauthorized for url: https://khala-trading.onrender.com/api/signal/US30?balance=100.0&risk=1.0
2026-07-24 09:24:10,050 [WARNING] [XAUUSD] Failed to fetch signal: 401 Client Error: Unauthorized for url: https://khala-trading.onrender.com/api/signal/XAUUSD?balance=100.0&risk=1.0
2026-07-24 09:24:11,207 [WARNING] [XAGUSD] Failed to fetch signal: 401 Client Error: Unauthorized for url: https://khala-trading.onrender.com/api/signal/XAGUSD?balance=100.0&risk=1.0
2026-07-24 09:24:12,388 [WARNING] [EURUSD] Failed to fetch signal: 401 Client Error: Unauthorized for url: https://khala-trading.onrender.com/api/signal/EURUSD?balance=100.0&risk=1.0
2026-07-24 09:24:13,959 [WARNING] [GBPUSD] Failed to fetch signal: 401 Client Error: Unauthorized for url: https://khala-trading.onrender.com/api/signal/GBPUSD?balance=100.0&risk=1.0
2026-07-24 09:24:17,049 [WARNING] [USDJPY] Failed to fetch signal: 401 Client Error: Unauthorized for url: https://khala-trading.onrender.com/api/signal/USDJPY?balance=100.0&risk=1.0
2026-07-24 09:24:18,433 [WARNING] [BTCUSD] Failed to fetch signal: 401 Client Error: Unauthorized for url: https://khala-trading.onrender.com/api/signal/BTCUSD?balance=100.0&risk=1.0
2026-07-24 09:24:19,639 [WARNING] [US30] Failed to fetch signal: 401 Client Error: Unauthorized for url: https://khala-trading.onrender.com/api/signal/US30?balance=100.0&risk=1.0
2026-07-24 09:24:39,560 [INFO] Stopped by user.
2026-07-24 09:24:52,237 [INFO] Connected to MT5. Account: 436984922, Balance: 100.0 USD
2026-07-24 09:24:52,238 [INFO] Polling https://khala-trading.onrender.com every 60s for symbols: ['XAUUSD', 'XAGUSD', 'EURUSD', 'GBPUSD', 'USDJPY', 'BTCUSD', 'US30']
2026-07-24 09:24:52,238 [INFO] Create a file named KILL_SWITCH in Z:\home\khala\projects\khala-trading anytime to halt trading instantly.
2026-07-24 09:24:53,350 [WARNING] [XAUUSD] Failed to fetch signal: 401 Client Error: Unauthorized for url: https://khala-trading.onrender.com/api/signal/XAUUSD?balance=100.0&risk=1.0
2026-07-24 09:24:54,549 [WARNING] [XAGUSD] Failed to fetch signal: 401 Client Error: Unauthorized for url: https://khala-trading.onrender.com/api/signal/XAGUSD?balance=100.0&risk=1.0
2026-07-24 09:24:55,524 [WARNING] [EURUSD] Failed to fetch signal: 401 Client Error: Unauthorized for url: https://khala-trading.onrender.com/api/signal/EURUSD?balance=100.0&risk=1.0
2026-07-24 09:24:57,004 [WARNING] [GBPUSD] Failed to fetch signal: 401 Client Error: Unauthorized for url: https://khala-trading.onrender.com/api/signal/GBPUSD?balance=100.0&risk=1.0
2026-07-24 09:24:58,066 [WARNING] [USDJPY] Failed to fetch signal: 401 Client Error: Unauthorized for url: https://khala-trading.onrender.com/api/signal/USDJPY?balance=100.0&risk=1.0
2026-07-24 09:24:59,132 [WARNING] [BTCUSD] Failed to fetch signal: 401 Client Error: Unauthorized for url: https://khala-trading.onrender.com/api/signal/BTCUSD?balance=100.0&risk=1.0
2026-07-24 09:25:01,184 [WARNING] [US30] Failed to fetch signal: 401 Client Error: Unauthorized for url: https://khala-trading.onrender.com/api/signal/US30?balance=100.0&risk=1.0
2026-07-24 09:26:03,103 [WARNING] [XAUUSD] Failed to fetch signal: 401 Client Error: Unauthorized for url: https://khala-trading.onrender.com/api/signal/XAUUSD?balance=100.0&risk=1.0
2026-07-24 09:26:04,565 [WARNING] [XAGUSD] Failed to fetch signal: 401 Client Error: Unauthorized for url: https://khala-trading.onrender.com/api/signal/XAGUSD?balance=100.0&risk=1.0
2026-07-24 09:26:15,749 [WARNING] [EURUSD] Failed to fetch signal: 401 Client Error: Unauthorized for url: https://khala-trading.onrender.com/api/signal/EURUSD?balance=100.0&risk=1.0
2026-07-24 09:26:17,009 [WARNING] [GBPUSD] Failed to fetch signal: 401 Client Error: Unauthorized for url: https://khala-trading.onrender.com/api/signal/GBPUSD?balance=100.0&risk=1.0
2026-07-24 09:26:19,323 [WARNING] [USDJPY] Failed to fetch signal: 401 Client Error: Unauthorized for url: https://khala-trading.onrender.com/api/signal/USDJPY?balance=100.0&risk=1.0
2026-07-24 09:26:20,413 [WARNING] [BTCUSD] Failed to fetch signal: 401 Client Error: Unauthorized for url: https://khala-trading.onrender.com/api/signal/BTCUSD?balance=100.0&risk=1.0
2026-07-24 09:26:21,646 [WARNING] [US30] Failed to fetch signal: 401 Client Error: Unauthorized for url: https://khala-trading.onrender.com/api/signal/US30?balance=100.0&risk=1.0
2026-07-24 09:27:22,993 [WARNING] [XAUUSD] Failed to fetch signal: 401 Client Error: Unauthorized for url: https://khala-trading.onrender.com/api/signal/XAUUSD?balance=100.0&risk=1.0
2026-07-24 09:27:24,234 [WARNING] [XAGUSD] Failed to fetch signal: 401 Client Error: Unauthorized for url: https://khala-trading.onrender.com/api/signal/XAGUSD?balance=100.0&risk=1.0
2026-07-24 09:27:25,401 [WARNING] [EURUSD] Failed to fetch signal: 401 Client Error: Unauthorized for url: https://khala-trading.onrender.com/api/signal/EURUSD?balance=100.0&risk=1.0
2026-07-24 09:27:26,833 [WARNING] [GBPUSD] Failed to fetch signal: 401 Client Error: Unauthorized for url: https://khala-trading.onrender.com/api/signal/GBPUSD?balance=100.0&risk=1.0
2026-07-24 09:27:28,872 [WARNING] [USDJPY] Failed to fetch signal: 401 Client Error: Unauthorized for url: https://khala-trading.onrender.com/api/signal/USDJPY?balance=100.0&risk=1.0
2026-07-24 09:27:30,022 [WARNING] [BTCUSD] Failed to fetch signal: 401 Client Error: Unauthorized for url: https://khala-trading.onrender.com/api/signal/BTCUSD?balance=100.0&risk=1.0
2026-07-24 09:27:31,193 [WARNING] [US30] Failed to fetch signal: 401 Client Error: Unauthorized for url: https://khala-trading.onrender.com/api/signal/US30?balance=100.0&risk=1.0
2026-07-24 09:28:33,131 [WARNING] [XAUUSD] Failed to fetch signal: 401 Client Error: Unauthorized for url: https://khala-trading.onrender.com/api/signal/XAUUSD?balance=100.0&risk=1.0
2026-07-24 09:28:35,437 [WARNING] [XAGUSD] Failed to fetch signal: 401 Client Error: Unauthorized for url: https://khala-trading.onrender.com/api/signal/XAGUSD?balance=100.0&risk=1.0
2026-07-24 09:28:38,357 [WARNING] [EURUSD] Failed to fetch signal: 401 Client Error: Unauthorized for url: https://khala-trading.onrender.com/api/signal/EURUSD?balance=100.0&risk=1.0
2026-07-24 09:28:39,443 [WARNING] [GBPUSD] Failed to fetch signal: 401 Client Error: Unauthorized for url: https://khala-trading.onrender.com/api/signal/GBPUSD?balance=100.0&risk=1.0
2026-07-24 09:28:45,579 [WARNING] [USDJPY] Failed to fetch signal: 401 Client Error: Unauthorized for url: https://khala-trading.onrender.com/api/signal/USDJPY?balance=100.0&risk=1.0
2026-07-24 09:28:46,901 [WARNING] [BTCUSD] Failed to fetch signal: 401 Client Error: Unauthorized for url: https://khala-trading.onrender.com/api/signal/BTCUSD?balance=100.0&risk=1.0
2026-07-24 09:28:48,032 [WARNING] [US30] Failed to fetch signal: 401 Client Error: Unauthorized for url: https://khala-trading.onrender.com/api/signal/US30?balance=100.0&risk=1.0
2026-07-24 09:29:49,649 [WARNING] [XAUUSD] Failed to fetch signal: 401 Client Error: Unauthorized for url: https://khala-trading.onrender.com/api/signal/XAUUSD?balance=100.0&risk=1.0
2026-07-24 09:29:51,472 [WARNING] [XAGUSD] Failed to fetch signal: 401 Client Error: Unauthorized for url: https://khala-trading.onrender.com/api/signal/XAGUSD?balance=100.0&risk=1.0
2026-07-24 09:29:57,749 [WARNING] [EURUSD] Failed to fetch signal: 401 Client Error: Unauthorized for url: https://khala-trading.onrender.com/api/signal/EURUSD?balance=100.0&risk=1.0
2026-07-24 09:29:59,187 [WARNING] [GBPUSD] Failed to fetch signal: 401 Client Error: Unauthorized for url: https://khala-trading.onrender.com/api/signal/GBPUSD?balance=100.0&risk=1.0
2026-07-24 09:30:00,522 [WARNING] [USDJPY] Failed to fetch signal: 401 Client Error: Unauthorized for url: https://khala-trading.onrender.com/api/signal/USDJPY?balance=100.0&risk=1.0
2026-07-24 09:30:03,057 [WARNING] [BTCUSD] Failed to fetch signal: 401 Client Error: Unauthorized for url: https://khala-trading.onrender.com/api/signal/BTCUSD?balance=100.0&risk=1.0
2026-07-24 09:30:04,372 [WARNING] [US30] Failed to fetch signal: 401 Client Error: Unauthorized for url: https://khala-trading.onrender.com/api/signal/US30?balance=100.0&risk=1.0
2026-07-24 09:31:06,043 [WARNING] [XAUUSD] Failed to fetch signal: 401 Client Error: Unauthorized for url: https://khala-trading.onrender.com/api/signal/XAUUSD?balance=100.0&risk=1.0
2026-07-24 09:31:08,219 [WARNING] [XAGUSD] Failed to fetch signal: 401 Client Error: Unauthorized for url: https://khala-trading.onrender.com/api/signal/XAGUSD?balance=100.0&risk=1.0
2026-07-24 09:31:09,712 [WARNING] [EURUSD] Failed to fetch signal: 401 Client Error: Unauthorized for url: https://khala-trading.onrender.com/api/signal/EURUSD?balance=100.0&risk=1.0
2026-07-24 09:31:10,906 [WARNING] [GBPUSD] Failed to fetch signal: 401 Client Error: Unauthorized for url: https://khala-trading.onrender.com/api/signal/GBPUSD?balance=100.0&risk=1.0
2026-07-24 09:31:13,037 [WARNING] [USDJPY] Failed to fetch signal: 401 Client Error: Unauthorized for url: https://khala-trading.onrender.com/api/signal/USDJPY?balance=100.0&risk=1.0
2026-07-24 09:31:14,192 [WARNING] [BTCUSD] Failed to fetch signal: 401 Client Error: Unauthorized for url: https://khala-trading.onrender.com/api/signal/BTCUSD?balance=100.0&risk=1.0
2026-07-24 09:31:15,385 [WARNING] [US30] Failed to fetch signal: 401 Client Error: Unauthorized for url: https://khala-trading.onrender.com/api/signal/US30?balance=100.0&risk=1.0
2026-07-24 09:32:16,572 [WARNING] [XAUUSD] Failed to fetch signal: 401 Client Error: Unauthorized for url: https://khala-trading.onrender.com/api/signal/XAUUSD?balance=100.0&risk=1.0
2026-07-24 09:32:18,201 [WARNING] [XAGUSD] Failed to fetch signal: 401 Client Error: Unauthorized for url: https://khala-trading.onrender.com/api/signal/XAGUSD?balance=100.0&risk=1.0
2026-07-24 09:32:24,381 [WARNING] [EURUSD] Failed to fetch signal: 401 Client Error: Unauthorized for url: https://khala-trading.onrender.com/api/signal/EURUSD?balance=100.0&risk=1.0
2026-07-24 09:32:25,515 [WARNING] [GBPUSD] Failed to fetch signal: 401 Client Error: Unauthorized for url: https://khala-trading.onrender.com/api/signal/GBPUSD?balance=100.0&risk=1.0
2026-07-24 09:32:26,699 [WARNING] [USDJPY] Failed to fetch signal: 401 Client Error: Unauthorized for url: https://khala-trading.onrender.com/api/signal/USDJPY?balance=100.0&risk=1.0
2026-07-24 09:32:27,906 [WARNING] [BTCUSD] Failed to fetch signal: 401 Client Error: Unauthorized for url: https://khala-trading.onrender.com/api/signal/BTCUSD?balance=100.0&risk=1.0
2026-07-24 09:32:29,023 [WARNING] [US30] Failed to fetch signal: 401 Client Error: Unauthorized for url: https://khala-trading.onrender.com/api/signal/US30?balance=100.0&risk=1.0
2026-07-24 09:33:30,178 [WARNING] [XAUUSD] Failed to fetch signal: 401 Client Error: Unauthorized for url: https://khala-trading.onrender.com/api/signal/XAUUSD?balance=100.0&risk=1.0
2026-07-24 09:33:32,884 [WARNING] [XAGUSD] Failed to fetch signal: 401 Client Error: Unauthorized for url: https://khala-trading.onrender.com/api/signal/XAGUSD?balance=100.0&risk=1.0
2026-07-24 09:33:34,235 [WARNING] [EURUSD] Failed to fetch signal: 401 Client Error: Unauthorized for url: https://khala-trading.onrender.com/api/signal/EURUSD?balance=100.0&risk=1.0
2026-07-24 09:33:35,779 [WARNING] [GBPUSD] Failed to fetch signal: 401 Client Error: Unauthorized for url: https://khala-trading.onrender.com/api/signal/GBPUSD?balance=100.0&risk=1.0
2026-07-24 09:33:38,192 [WARNING] [USDJPY] Failed to fetch signal: 401 Client Error: Unauthorized for url: https://khala-trading.onrender.com/api/signal/USDJPY?balance=100.0&risk=1.0
2026-07-24 09:33:39,248 [WARNING] [BTCUSD] Failed to fetch signal: 401 Client Error: Unauthorized for url: https://khala-trading.onrender.com/api/signal/BTCUSD?balance=100.0&risk=1.0
2026-07-24 09:33:40,447 [WARNING] [US30] Failed to fetch signal: 401 Client Error: Unauthorized for url: https://khala-trading.onrender.com/api/signal/US30?balance=100.0&risk=1.0
2026-07-24 09:34:42,886 [WARNING] [XAUUSD] Failed to fetch signal: 401 Client Error: Unauthorized for url: https://khala-trading.onrender.com/api/signal/XAUUSD?balance=100.0&risk=1.0
2026-07-24 09:34:44,407 [WARNING] [XAGUSD] Failed to fetch signal: 401 Client Error: Unauthorized for url: https://khala-trading.onrender.com/api/signal/XAGUSD?balance=100.0&risk=1.0
2026-07-24 09:34:45,517 [WARNING] [EURUSD] Failed to fetch signal: 401 Client Error: Unauthorized for url: https://khala-trading.onrender.com/api/signal/EURUSD?balance=100.0&risk=1.0
2026-07-24 09:34:52,636 [WARNING] [GBPUSD] Failed to fetch signal: 401 Client Error: Unauthorized for url: https://khala-trading.onrender.com/api/signal/GBPUSD?balance=100.0&risk=1.0
2026-07-24 09:34:53,857 [WARNING] [USDJPY] Failed to fetch signal: 401 Client Error: Unauthorized for url: https://khala-trading.onrender.com/api/signal/USDJPY?balance=100.0&risk=1.0
2026-07-24 09:34:54,964 [WARNING] [BTCUSD] Failed to fetch signal: 401 Client Error: Unauthorized for url: https://khala-trading.onrender.com/api/signal/BTCUSD?balance=100.0&risk=1.0
2026-07-24 09:35:01,192 [WARNING] [US30] Failed to fetch signal: 401 Client Error: Unauthorized for url: https://khala-trading.onrender.com/api/signal/US30?balance=100.0&risk=1.0
2026-07-24 09:36:03,080 [WARNING] [XAUUSD] Failed to fetch signal: 401 Client Error: Unauthorized for url: https://khala-trading.onrender.com/api/signal/XAUUSD?balance=100.0&risk=1.0
2026-07-24 09:36:04,497 [WARNING] [XAGUSD] Failed to fetch signal: 401 Client Error: Unauthorized for url: https://khala-trading.onrender.com/api/signal/XAGUSD?balance=100.0&risk=1.0
2026-07-24 09:36:06,423 [WARNING] [EURUSD] Failed to fetch signal: 401 Client Error: Unauthorized for url: https://khala-trading.onrender.com/api/signal/EURUSD?balance=100.0&risk=1.0
2026-07-24 09:36:08,258 [WARNING] [GBPUSD] Failed to fetch signal: 401 Client Error: Unauthorized for url: https://khala-trading.onrender.com/api/signal/GBPUSD?balance=100.0&risk=1.0
2026-07-24 09:36:09,393 [WARNING] [USDJPY] Failed to fetch signal: 401 Client Error: Unauthorized for url: https://khala-trading.onrender.com/api/signal/USDJPY?balance=100.0&risk=1.0
2026-07-24 09:36:10,425 [WARNING] [BTCUSD] Failed to fetch signal: 401 Client Error: Unauthorized for url: https://khala-trading.onrender.com/api/signal/BTCUSD?balance=100.0&risk=1.0
2026-07-24 09:36:11,855 [WARNING] [US30] Failed to fetch signal: 401 Client Error: Unauthorized for url: https://khala-trading.onrender.com/api/signal/US30?balance=100.0&risk=1.0
2026-07-24 09:37:13,017 [WARNING] [XAUUSD] Failed to fetch signal: 401 Client Error: Unauthorized for url: https://khala-trading.onrender.com/api/signal/XAUUSD?balance=100.0&risk=1.0
2026-07-24 09:37:14,105 [WARNING] [XAGUSD] Failed to fetch signal: 401 Client Error: Unauthorized for url: https://khala-trading.onrender.com/api/signal/XAGUSD?balance=100.0&risk=1.0
2026-07-24 09:37:15,256 [WARNING] [EURUSD] Failed to fetch signal: 401 Client Error: Unauthorized for url: https://khala-trading.onrender.com/api/signal/EURUSD?balance=100.0&risk=1.0
2026-07-24 09:37:16,491 [WARNING] [GBPUSD] Failed to fetch signal: 401 Client Error: Unauthorized for url: https://khala-trading.onrender.com/api/signal/GBPUSD?balance=100.0&risk=1.0
2026-07-24 09:37:17,668 [WARNING] [USDJPY] Failed to fetch signal: 401 Client Error: Unauthorized for url: https://khala-trading.onrender.com/api/signal/USDJPY?balance=100.0&risk=1.0
2026-07-24 09:37:18,808 [WARNING] [BTCUSD] Failed to fetch signal: 401 Client Error: Unauthorized for url: https://khala-trading.onrender.com/api/signal/BTCUSD?balance=100.0&risk=1.0
2026-07-24 09:37:19,941 [WARNING] [US30] Failed to fetch signal: 401 Client Error: Unauthorized for url: https://khala-trading.onrender.com/api/signal/US30?balance=100.0&risk=1.0
2026-07-24 09:38:21,021 [WARNING] [XAUUSD] Failed to fetch signal: 401 Client Error: Unauthorized for url: https://khala-trading.onrender.com/api/signal/XAUUSD?balance=100.0&risk=1.0
2026-07-24 09:38:22,263 [WARNING] [XAGUSD] Failed to fetch signal: 401 Client Error: Unauthorized for url: https://khala-trading.onrender.com/api/signal/XAGUSD?balance=100.0&risk=1.0
2026-07-24 09:38:23,602 [WARNING] [EURUSD] Failed to fetch signal: 401 Client Error: Unauthorized for url: https://khala-trading.onrender.com/api/signal/EURUSD?balance=100.0&risk=1.0
2026-07-24 09:38:24,845 [WARNING] [GBPUSD] Failed to fetch signal: 401 Client Error: Unauthorized for url: https://khala-trading.onrender.com/api/signal/GBPUSD?balance=100.0&risk=1.0
2026-07-24 09:38:27,102 [WARNING] [USDJPY] Failed to fetch signal: 401 Client Error: Unauthorized for url: https://khala-trading.onrender.com/api/signal/USDJPY?balance=100.0&risk=1.0
2026-07-24 09:38:28,281 [WARNING] [BTCUSD] Failed to fetch signal: 401 Client Error: Unauthorized for url: https://khala-trading.onrender.com/api/signal/BTCUSD?balance=100.0&risk=1.0
2026-07-24 09:38:29,348 [WARNING] [US30] Failed to fetch signal: 401 Client Error: Unauthorized for url: https://khala-trading.onrender.com/api/signal/US30?balance=100.0&risk=1.0
2026-07-24 09:39:30,855 [WARNING] [XAUUSD] Failed to fetch signal: 401 Client Error: Unauthorized for url: https://khala-trading.onrender.com/api/signal/XAUUSD?balance=100.0&risk=1.0
2026-07-24 09:39:33,605 [WARNING] [XAGUSD] Failed to fetch signal: 401 Client Error: Unauthorized for url: https://khala-trading.onrender.com/api/signal/XAGUSD?balance=100.0&risk=1.0
2026-07-24 09:39:34,789 [WARNING] [EURUSD] Failed to fetch signal: 401 Client Error: Unauthorized for url: https://khala-trading.onrender.com/api/signal/EURUSD?balance=100.0&risk=1.0
2026-07-24 09:39:36,029 [WARNING] [GBPUSD] Failed to fetch signal: 401 Client Error: Unauthorized for url: https://khala-trading.onrender.com/api/signal/GBPUSD?balance=100.0&risk=1.0
2026-07-24 09:39:45,548 [WARNING] [USDJPY] Failed to fetch signal: 401 Client Error: Unauthorized for url: https://khala-trading.onrender.com/api/signal/USDJPY?balance=100.0&risk=1.0
2026-07-24 09:39:47,707 [WARNING] [BTCUSD] Failed to fetch signal: 401 Client Error: Unauthorized for url: https://khala-trading.onrender.com/api/signal/BTCUSD?balance=100.0&risk=1.0
2026-07-24 09:39:48,933 [WARNING] [US30] Failed to fetch signal: 401 Client Error: Unauthorized for url: https://khala-trading.onrender.com/api/signal/US30?balance=100.0&risk=1.0
2026-07-24 09:40:49,988 [WARNING] [XAUUSD] Failed to fetch signal: 401 Client Error: Unauthorized for url: https://khala-trading.onrender.com/api/signal/XAUUSD?balance=100.0&risk=1.0
2026-07-24 09:40:51,129 [WARNING] [XAGUSD] Failed to fetch signal: 401 Client Error: Unauthorized for url: https://khala-trading.onrender.com/api/signal/XAGUSD?balance=100.0&risk=1.0
2026-07-24 09:40:52,328 [WARNING] [EURUSD] Failed to fetch signal: 401 Client Error: Unauthorized for url: https://khala-trading.onrender.com/api/signal/EURUSD?balance=100.0&risk=1.0
2026-07-24 09:40:54,167 [WARNING] [GBPUSD] Failed to fetch signal: 401 Client Error: Unauthorized for url: https://khala-trading.onrender.com/api/signal/GBPUSD?balance=100.0&risk=1.0
2026-07-24 09:40:55,252 [WARNING] [USDJPY] Failed to fetch signal: 401 Client Error: Unauthorized for url: https://khala-trading.onrender.com/api/signal/USDJPY?balance=100.0&risk=1.0
2026-07-24 09:41:01,193 [WARNING] [BTCUSD] Failed to fetch signal: 401 Client Error: Unauthorized for url: https://khala-trading.onrender.com/api/signal/BTCUSD?balance=100.0&risk=1.0
2026-07-24 09:41:03,058 [WARNING] [US30] Failed to fetch signal: 401 Client Error: Unauthorized for url: https://khala-trading.onrender.com/api/signal/US30?balance=100.0&risk=1.0
2026-07-24 09:42:05,494 [WARNING] [XAUUSD] Failed to fetch signal: 401 Client Error: Unauthorized for url: https://khala-trading.onrender.com/api/signal/XAUUSD?balance=100.0&risk=1.0
2026-07-24 09:42:14,459 [WARNING] [XAGUSD] Failed to fetch signal: 401 Client Error: Unauthorized for url: https://khala-trading.onrender.com/api/signal/XAGUSD?balance=100.0&risk=1.0
2026-07-24 09:42:16,589 [WARNING] [EURUSD] Failed to fetch signal: 401 Client Error: Unauthorized for url: https://khala-trading.onrender.com/api/signal/EURUSD?balance=100.0&risk=1.0
2026-07-24 09:42:17,839 [WARNING] [GBPUSD] Failed to fetch signal: 401 Client Error: Unauthorized for url: https://khala-trading.onrender.com/api/signal/GBPUSD?balance=100.0&risk=1.0
2026-07-24 09:42:19,347 [WARNING] [USDJPY] Failed to fetch signal: 401 Client Error: Unauthorized for url: https://khala-trading.onrender.com/api/signal/USDJPY?balance=100.0&risk=1.0
2026-07-24 09:42:28,895 [WARNING] [BTCUSD] Failed to fetch signal: 401 Client Error: Unauthorized for url: https://khala-trading.onrender.com/api/signal/BTCUSD?balance=100.0&risk=1.0
2026-07-24 09:42:30,359 [WARNING] [US30] Failed to fetch signal: 401 Client Error: Unauthorized for url: https://khala-trading.onrender.com/api/signal/US30?balance=100.0&risk=1.0
2026-07-24 09:43:33,122 [WARNING] [XAUUSD] Failed to fetch signal: 401 Client Error: Unauthorized for url: https://khala-trading.onrender.com/api/signal/XAUUSD?balance=100.0&risk=1.0
2026-07-24 09:43:34,504 [WARNING] [XAGUSD] Failed to fetch signal: 401 Client Error: Unauthorized for url: https://khala-trading.onrender.com/api/signal/XAGUSD?balance=100.0&risk=1.0
2026-07-24 09:43:35,593 [WARNING] [EURUSD] Failed to fetch signal: 401 Client Error: Unauthorized for url: https://khala-trading.onrender.com/api/signal/EURUSD?balance=100.0&risk=1.0
2026-07-24 09:43:38,395 [WARNING] [GBPUSD] Failed to fetch signal: 401 Client Error: Unauthorized for url: https://khala-trading.onrender.com/api/signal/GBPUSD?balance=100.0&risk=1.0
2026-07-24 09:43:44,352 [WARNING] [USDJPY] Failed to fetch signal: 401 Client Error: Unauthorized for url: https://khala-trading.onrender.com/api/signal/USDJPY?balance=100.0&risk=1.0
2026-07-24 09:43:45,501 [WARNING] [BTCUSD] Failed to fetch signal: 401 Client Error: Unauthorized for url: https://khala-trading.onrender.com/api/signal/BTCUSD?balance=100.0&risk=1.0
2026-07-24 09:43:46,671 [WARNING] [US30] Failed to fetch signal: 401 Client Error: Unauthorized for url: https://khala-trading.onrender.com/api/signal/US30?balance=100.0&risk=1.0
2026-07-24 09:44:48,351 [WARNING] [XAUUSD] Failed to fetch signal: 401 Client Error: Unauthorized for url: https://khala-trading.onrender.com/api/signal/XAUUSD?balance=100.0&risk=1.0
2026-07-24 09:44:49,573 [WARNING] [XAGUSD] Failed to fetch signal: 401 Client Error: Unauthorized for url: https://khala-trading.onrender.com/api/signal/XAGUSD?balance=100.0&risk=1.0
2026-07-24 09:44:59,643 [WARNING] [EURUSD] Failed to fetch signal: 401 Client Error: Unauthorized for url: https://khala-trading.onrender.com/api/signal/EURUSD?balance=100.0&risk=1.0
2026-07-24 09:45:08,947 [WARNING] [GBPUSD] Failed to fetch signal: 401 Client Error: Unauthorized for url: https://khala-trading.onrender.com/api/signal/GBPUSD?balance=100.0&risk=1.0
2026-07-24 09:45:10,032 [WARNING] [USDJPY] Failed to fetch signal: 401 Client Error: Unauthorized for url: https://khala-trading.onrender.com/api/signal/USDJPY?balance=100.0&risk=1.0
2026-07-24 09:45:11,263 [WARNING] [BTCUSD] Failed to fetch signal: 401 Client Error: Unauthorized for url: https://khala-trading.onrender.com/api/signal/BTCUSD?balance=100.0&risk=1.0
2026-07-24 09:45:12,322 [WARNING] [US30] Failed to fetch signal: 401 Client Error: Unauthorized for url: https://khala-trading.onrender.com/api/signal/US30?balance=100.0&risk=1.0
2026-07-24 09:46:13,543 [WARNING] [XAUUSD] Failed to fetch signal: 401 Client Error: Unauthorized for url: https://khala-trading.onrender.com/api/signal/XAUUSD?balance=100.0&risk=1.0
2026-07-24 09:46:19,589 [WARNING] [XAGUSD] Failed to fetch signal: 401 Client Error: Unauthorized for url: https://khala-trading.onrender.com/api/signal/XAGUSD?balance=100.0&risk=1.0
2026-07-24 09:46:20,756 [WARNING] [EURUSD] Failed to fetch signal: 401 Client Error: Unauthorized for url: https://khala-trading.onrender.com/api/signal/EURUSD?balance=100.0&risk=1.0
2026-07-24 09:46:22,380 [WARNING] [GBPUSD] Failed to fetch signal: 401 Client Error: Unauthorized for url: https://khala-trading.onrender.com/api/signal/GBPUSD?balance=100.0&risk=1.0
2026-07-24 09:46:24,249 [WARNING] [USDJPY] Failed to fetch signal: 401 Client Error: Unauthorized for url: https://khala-trading.onrender.com/api/signal/USDJPY?balance=100.0&risk=1.0
2026-07-24 09:46:25,669 [WARNING] [BTCUSD] Failed to fetch signal: 401 Client Error: Unauthorized for url: https://khala-trading.onrender.com/api/signal/BTCUSD?balance=100.0&risk=1.0
2026-07-24 09:46:26,767 [WARNING] [US30] Failed to fetch signal: 401 Client Error: Unauthorized for url: https://khala-trading.onrender.com/api/signal/US30?balance=100.0&risk=1.0
2026-07-24 09:47:28,583 [WARNING] [XAUUSD] Failed to fetch signal: 401 Client Error: Unauthorized for url: https://khala-trading.onrender.com/api/signal/XAUUSD?balance=100.0&risk=1.0
2026-07-24 09:47:29,894 [WARNING] [XAGUSD] Failed to fetch signal: 401 Client Error: Unauthorized for url: https://khala-trading.onrender.com/api/signal/XAGUSD?balance=100.0&risk=1.0
2026-07-24 09:47:31,031 [WARNING] [EURUSD] Failed to fetch signal: 401 Client Error: Unauthorized for url: https://khala-trading.onrender.com/api/signal/EURUSD?balance=100.0&risk=1.0
2026-07-24 09:47:33,233 [WARNING] [GBPUSD] Failed to fetch signal: 401 Client Error: Unauthorized for url: https://khala-trading.onrender.com/api/signal/GBPUSD?balance=100.0&risk=1.0
2026-07-24 09:47:34,475 [WARNING] [USDJPY] Failed to fetch signal: 401 Client Error: Unauthorized for url: https://khala-trading.onrender.com/api/signal/USDJPY?balance=100.0&risk=1.0
2026-07-24 09:47:35,677 [WARNING] [BTCUSD] Failed to fetch signal: 401 Client Error: Unauthorized for url: https://khala-trading.onrender.com/api/signal/BTCUSD?balance=100.0&risk=1.0
2026-07-24 09:47:38,748 [WARNING] [US30] Failed to fetch signal: 401 Client Error: Unauthorized for url: https://khala-trading.onrender.com/api/signal/US30?balance=100.0&risk=1.0
2026-07-24 09:48:39,904 [WARNING] [XAUUSD] Failed to fetch signal: 401 Client Error: Unauthorized for url: https://khala-trading.onrender.com/api/signal/XAUUSD?balance=100.0&risk=1.0
2026-07-24 09:48:45,803 [WARNING] [XAGUSD] Failed to fetch signal: 401 Client Error: Unauthorized for url: https://khala-trading.onrender.com/api/signal/XAGUSD?balance=100.0&risk=1.0
2026-07-24 09:48:46,987 [WARNING] [EURUSD] Failed to fetch signal: 401 Client Error: Unauthorized for url: https://khala-trading.onrender.com/api/signal/EURUSD?balance=100.0&risk=1.0
2026-07-24 09:48:48,280 [WARNING] [GBPUSD] Failed to fetch signal: 401 Client Error: Unauthorized for url: https://khala-trading.onrender.com/api/signal/GBPUSD?balance=100.0&risk=1.0
2026-07-24 09:48:49,382 [WARNING] [USDJPY] Failed to fetch signal: 401 Client Error: Unauthorized for url: https://khala-trading.onrender.com/api/signal/USDJPY?balance=100.0&risk=1.0
2026-07-24 09:48:52,015 [WARNING] [BTCUSD] Failed to fetch signal: 401 Client Error: Unauthorized for url: https://khala-trading.onrender.com/api/signal/BTCUSD?balance=100.0&risk=1.0
2026-07-24 09:48:53,248 [WARNING] [US30] Failed to fetch signal: 401 Client Error: Unauthorized for url: https://khala-trading.onrender.com/api/signal/US30?balance=100.0&risk=1.0
2026-07-24 09:49:55,797 [WARNING] [XAUUSD] Failed to fetch signal: 401 Client Error: Unauthorized for url: https://khala-trading.onrender.com/api/signal/XAUUSD?balance=100.0&risk=1.0
2026-07-24 09:49:57,555 [WARNING] [XAGUSD] Failed to fetch signal: 401 Client Error: Unauthorized for url: https://khala-trading.onrender.com/api/signal/XAGUSD?balance=100.0&risk=1.0
2026-07-24 09:50:06,843 [WARNING] [EURUSD] Failed to fetch signal: 401 Client Error: Unauthorized for url: https://khala-trading.onrender.com/api/signal/EURUSD?balance=100.0&risk=1.0
2026-07-24 09:50:08,718 [WARNING] [GBPUSD] Failed to fetch signal: 401 Client Error: Unauthorized for url: https://khala-trading.onrender.com/api/signal/GBPUSD?balance=100.0&risk=1.0
2026-07-24 09:50:10,829 [WARNING] [USDJPY] Failed to fetch signal: 401 Client Error: Unauthorized for url: https://khala-trading.onrender.com/api/signal/USDJPY?balance=100.0&risk=1.0
2026-07-24 09:50:12,122 [WARNING] [BTCUSD] Failed to fetch signal: 401 Client Error: Unauthorized for url: https://khala-trading.onrender.com/api/signal/BTCUSD?balance=100.0&risk=1.0
2026-07-24 09:50:13,338 [WARNING] [US30] Failed to fetch signal: 401 Client Error: Unauthorized for url: https://khala-trading.onrender.com/api/signal/US30?balance=100.0&risk=1.0
2026-07-24 09:51:14,716 [WARNING] [XAUUSD] Failed to fetch signal: 401 Client Error: Unauthorized for url: https://khala-trading.onrender.com/api/signal/XAUUSD?balance=100.0&risk=1.0
2026-07-24 09:51:15,821 [WARNING] [XAGUSD] Failed to fetch signal: 401 Client Error: Unauthorized for url: https://khala-trading.onrender.com/api/signal/XAGUSD?balance=100.0&risk=1.0
2026-07-24 09:51:16,982 [WARNING] [EURUSD] Failed to fetch signal: 401 Client Error: Unauthorized for url: https://khala-trading.onrender.com/api/signal/EURUSD?balance=100.0&risk=1.0
2026-07-24 09:51:18,094 [WARNING] [GBPUSD] Failed to fetch signal: 401 Client Error: Unauthorized for url: https://khala-trading.onrender.com/api/signal/GBPUSD?balance=100.0&risk=1.0
2026-07-24 09:51:19,662 [WARNING] [USDJPY] Failed to fetch signal: 401 Client Error: Unauthorized for url: https://khala-trading.onrender.com/api/signal/USDJPY?balance=100.0&risk=1.0
2026-07-24 09:51:20,863 [WARNING] [BTCUSD] Failed to fetch signal: 401 Client Error: Unauthorized for url: https://khala-trading.onrender.com/api/signal/BTCUSD?balance=100.0&risk=1.0
2026-07-24 09:51:21,983 [WARNING] [US30] Failed to fetch signal: 401 Client Error: Unauthorized for url: https://khala-trading.onrender.com/api/signal/US30?balance=100.0&risk=1.0
2026-07-24 09:52:23,274 [WARNING] [XAUUSD] Failed to fetch signal: 401 Client Error: Unauthorized for url: https://khala-trading.onrender.com/api/signal/XAUUSD?balance=100.0&risk=1.0
2026-07-24 09:52:24,741 [WARNING] [XAGUSD] Failed to fetch signal: 401 Client Error: Unauthorized for url: https://khala-trading.onrender.com/api/signal/XAGUSD?balance=100.0&risk=1.0
2026-07-24 09:52:25,880 [WARNING] [EURUSD] Failed to fetch signal: 401 Client Error: Unauthorized for url: https://khala-trading.onrender.com/api/signal/EURUSD?balance=100.0&risk=1.0
2026-07-24 09:52:27,115 [WARNING] [GBPUSD] Failed to fetch signal: 401 Client Error: Unauthorized for url: https://khala-trading.onrender.com/api/signal/GBPUSD?balance=100.0&risk=1.0
2026-07-24 09:52:28,248 [WARNING] [USDJPY] Failed to fetch signal: 401 Client Error: Unauthorized for url: https://khala-trading.onrender.com/api/signal/USDJPY?balance=100.0&risk=1.0
2026-07-24 09:52:29,395 [WARNING] [BTCUSD] Failed to fetch signal: 401 Client Error: Unauthorized for url: https://khala-trading.onrender.com/api/signal/BTCUSD?balance=100.0&risk=1.0
2026-07-24 09:52:30,604 [WARNING] [US30] Failed to fetch signal: 401 Client Error: Unauthorized for url: https://khala-trading.onrender.com/api/signal/US30?balance=100.0&risk=1.0
2026-07-24 09:53:41,364 [WARNING] [XAUUSD] Failed to fetch signal: 401 Client Error: Unauthorized for url: https://khala-trading.onrender.com/api/signal/XAUUSD?balance=100.0&risk=1.0
2026-07-24 09:53:42,597 [WARNING] [XAGUSD] Failed to fetch signal: 401 Client Error: Unauthorized for url: https://khala-trading.onrender.com/api/signal/XAGUSD?balance=100.0&risk=1.0
2026-07-24 09:53:44,003 [WARNING] [EURUSD] Failed to fetch signal: 401 Client Error: Unauthorized for url: https://khala-trading.onrender.com/api/signal/EURUSD?balance=100.0&risk=1.0
2026-07-24 09:53:45,164 [WARNING] [GBPUSD] Failed to fetch signal: 401 Client Error: Unauthorized for url: https://khala-trading.onrender.com/api/signal/GBPUSD?balance=100.0&risk=1.0
2026-07-24 09:53:46,433 [WARNING] [USDJPY] Failed to fetch signal: 401 Client Error: Unauthorized for url: https://khala-trading.onrender.com/api/signal/USDJPY?balance=100.0&risk=1.0
2026-07-24 09:53:47,946 [WARNING] [BTCUSD] Failed to fetch signal: 401 Client Error: Unauthorized for url: https://khala-trading.onrender.com/api/signal/BTCUSD?balance=100.0&risk=1.0
2026-07-24 09:53:49,799 [WARNING] [US30] Failed to fetch signal: 401 Client Error: Unauthorized for url: https://khala-trading.onrender.com/api/signal/US30?balance=100.0&risk=1.0
2026-07-24 09:54:50,993 [WARNING] [XAUUSD] Failed to fetch signal: 401 Client Error: Unauthorized for url: https://khala-trading.onrender.com/api/signal/XAUUSD?balance=100.0&risk=1.0
2026-07-24 09:55:00,329 [WARNING] [XAGUSD] Failed to fetch signal: 401 Client Error: Unauthorized for url: https://khala-trading.onrender.com/api/signal/XAGUSD?balance=100.0&risk=1.0
2026-07-24 09:55:01,490 [WARNING] [EURUSD] Failed to fetch signal: 401 Client Error: Unauthorized for url: https://khala-trading.onrender.com/api/signal/EURUSD?balance=100.0&risk=1.0
2026-07-24 09:55:03,729 [WARNING] [GBPUSD] Failed to fetch signal: 401 Client Error: Unauthorized for url: https://khala-trading.onrender.com/api/signal/GBPUSD?balance=100.0&risk=1.0
2026-07-24 09:55:05,183 [WARNING] [USDJPY] Failed to fetch signal: 401 Client Error: Unauthorized for url: https://khala-trading.onrender.com/api/signal/USDJPY?balance=100.0&risk=1.0
2026-07-24 09:55:06,937 [WARNING] [BTCUSD] Failed to fetch signal: 401 Client Error: Unauthorized for url: https://khala-trading.onrender.com/api/signal/BTCUSD?balance=100.0&risk=1.0
2026-07-24 09:55:09,032 [WARNING] [US30] Failed to fetch signal: 401 Client Error: Unauthorized for url: https://khala-trading.onrender.com/api/signal/US30?balance=100.0&risk=1.0
2026-07-24 09:56:10,141 [WARNING] [XAUUSD] Failed to fetch signal: 401 Client Error: Unauthorized for url: https://khala-trading.onrender.com/api/signal/XAUUSD?balance=100.0&risk=1.0
2026-07-24 09:56:11,449 [WARNING] [XAGUSD] Failed to fetch signal: 401 Client Error: Unauthorized for url: https://khala-trading.onrender.com/api/signal/XAGUSD?balance=100.0&risk=1.0
2026-07-24 09:56:12,759 [WARNING] [EURUSD] Failed to fetch signal: 401 Client Error: Unauthorized for url: https://khala-trading.onrender.com/api/signal/EURUSD?balance=100.0&risk=1.0
2026-07-24 09:56:13,926 [WARNING] [GBPUSD] Failed to fetch signal: 401 Client Error: Unauthorized for url: https://khala-trading.onrender.com/api/signal/GBPUSD?balance=100.0&risk=1.0
2026-07-24 09:56:22,765 [WARNING] [USDJPY] Failed to fetch signal: 401 Client Error: Unauthorized for url: https://khala-trading.onrender.com/api/signal/USDJPY?balance=100.0&risk=1.0
2026-07-24 09:56:23,893 [WARNING] [BTCUSD] Failed to fetch signal: 401 Client Error: Unauthorized for url: https://khala-trading.onrender.com/api/signal/BTCUSD?balance=100.0&risk=1.0
2026-07-24 09:56:25,031 [WARNING] [US30] Failed to fetch signal: 401 Client Error: Unauthorized for url: https://khala-trading.onrender.com/api/signal/US30?balance=100.0&risk=1.0
2026-07-24 09:57:26,357 [WARNING] [XAUUSD] Failed to fetch signal: 401 Client Error: Unauthorized for url: https://khala-trading.onrender.com/api/signal/XAUUSD?balance=100.0&risk=1.0
2026-07-24 09:57:27,789 [WARNING] [XAGUSD] Failed to fetch signal: 401 Client Error: Unauthorized for url: https://khala-trading.onrender.com/api/signal/XAGUSD?balance=100.0&risk=1.0
2026-07-24 09:57:28,959 [WARNING] [EURUSD] Failed to fetch signal: 401 Client Error: Unauthorized for url: https://khala-trading.onrender.com/api/signal/EURUSD?balance=100.0&risk=1.0
2026-07-24 09:57:30,103 [WARNING] [GBPUSD] Failed to fetch signal: 401 Client Error: Unauthorized for url: https://khala-trading.onrender.com/api/signal/GBPUSD?balance=100.0&risk=1.0
2026-07-24 09:57:32,211 [WARNING] [USDJPY] Failed to fetch signal: 401 Client Error: Unauthorized for url: https://khala-trading.onrender.com/api/signal/USDJPY?balance=100.0&risk=1.0
2026-07-24 09:57:33,731 [WARNING] [BTCUSD] Failed to fetch signal: 401 Client Error: Unauthorized for url: https://khala-trading.onrender.com/api/signal/BTCUSD?balance=100.0&risk=1.0
2026-07-24 09:57:35,393 [WARNING] [US30] Failed to fetch signal: 401 Client Error: Unauthorized for url: https://khala-trading.onrender.com/api/signal/US30?balance=100.0&risk=1.0
2026-07-24 09:58:36,736 [WARNING] [XAUUSD] Failed to fetch signal: 401 Client Error: Unauthorized for url: https://khala-trading.onrender.com/api/signal/XAUUSD?balance=100.0&risk=1.0
2026-07-24 09:58:38,704 [WARNING] [XAGUSD] Failed to fetch signal: 401 Client Error: Unauthorized for url: https://khala-trading.onrender.com/api/signal/XAGUSD?balance=100.0&risk=1.0
2026-07-24 09:58:39,784 [WARNING] [EURUSD] Failed to fetch signal: 401 Client Error: Unauthorized for url: https://khala-trading.onrender.com/api/signal/EURUSD?balance=100.0&risk=1.0
2026-07-24 09:58:41,137 [WARNING] [GBPUSD] Failed to fetch signal: 401 Client Error: Unauthorized for url: https://khala-trading.onrender.com/api/signal/GBPUSD?balance=100.0&risk=1.0
2026-07-24 09:58:42,236 [WARNING] [USDJPY] Failed to fetch signal: 401 Client Error: Unauthorized for url: https://khala-trading.onrender.com/api/signal/USDJPY?balance=100.0&risk=1.0
2026-07-24 09:58:43,389 [WARNING] [BTCUSD] Failed to fetch signal: 401 Client Error: Unauthorized for url: https://khala-trading.onrender.com/api/signal/BTCUSD?balance=100.0&risk=1.0
2026-07-24 09:58:44,596 [WARNING] [US30] Failed to fetch signal: 401 Client Error: Unauthorized for url: https://khala-trading.onrender.com/api/signal/US30?balance=100.0&risk=1.0
2026-07-24 09:59:46,249 [WARNING] [XAUUSD] Failed to fetch signal: 401 Client Error: Unauthorized for url: https://khala-trading.onrender.com/api/signal/XAUUSD?balance=100.0&risk=1.0
2026-07-24 09:59:47,565 [WARNING] [XAGUSD] Failed to fetch signal: 401 Client Error: Unauthorized for url: https://khala-trading.onrender.com/api/signal/XAGUSD?balance=100.0&risk=1.0
2026-07-24 09:59:48,867 [WARNING] [EURUSD] Failed to fetch signal: 401 Client Error: Unauthorized for url: https://khala-trading.onrender.com/api/signal/EURUSD?balance=100.0&risk=1.0
2026-07-24 09:59:50,532 [WARNING] [GBPUSD] Failed to fetch signal: 401 Client Error: Unauthorized for url: https://khala-trading.onrender.com/api/signal/GBPUSD?balance=100.0&risk=1.0
2026-07-24 09:59:56,743 [WARNING] [USDJPY] Failed to fetch signal: 401 Client Error: Unauthorized for url: https://khala-trading.onrender.com/api/signal/USDJPY?balance=100.0&risk=1.0
2026-07-24 09:59:58,569 [WARNING] [BTCUSD] Failed to fetch signal: 401 Client Error: Unauthorized for url: https://khala-trading.onrender.com/api/signal/BTCUSD?balance=100.0&risk=1.0
2026-07-24 09:59:59,811 [WARNING] [US30] Failed to fetch signal: 401 Client Error: Unauthorized for url: https://khala-trading.onrender.com/api/signal/US30?balance=100.0&risk=1.0
2026-07-24 10:01:01,096 [WARNING] [XAUUSD] Failed to fetch signal: 401 Client Error: Unauthorized for url: https://khala-trading.onrender.com/api/signal/XAUUSD?balance=100.0&risk=1.0
2026-07-24 10:01:03,529 [WARNING] [XAGUSD] Failed to fetch signal: 401 Client Error: Unauthorized for url: https://khala-trading.onrender.com/api/signal/XAGUSD?balance=100.0&risk=1.0
2026-07-24 10:01:05,053 [WARNING] [EURUSD] Failed to fetch signal: 401 Client Error: Unauthorized for url: https://khala-trading.onrender.com/api/signal/EURUSD?balance=100.0&risk=1.0
2026-07-24 10:01:06,442 [WARNING] [GBPUSD] Failed to fetch signal: 401 Client Error: Unauthorized for url: https://khala-trading.onrender.com/api/signal/GBPUSD?balance=100.0&risk=1.0
2026-07-24 10:01:07,640 [WARNING] [USDJPY] Failed to fetch signal: 401 Client Error: Unauthorized for url: https://khala-trading.onrender.com/api/signal/USDJPY?balance=100.0&risk=1.0
2026-07-24 10:01:09,481 [WARNING] [BTCUSD] Failed to fetch signal: 401 Client Error: Unauthorized for url: https://khala-trading.onrender.com/api/signal/BTCUSD?balance=100.0&risk=1.0
2026-07-24 10:01:10,789 [WARNING] [US30] Failed to fetch signal: 401 Client Error: Unauthorized for url: https://khala-trading.onrender.com/api/signal/US30?balance=100.0&risk=1.0
2026-07-24 10:02:12,504 [WARNING] [XAUUSD] Failed to fetch signal: 401 Client Error: Unauthorized for url: https://khala-trading.onrender.com/api/signal/XAUUSD?balance=100.0&risk=1.0
2026-07-24 10:02:13,719 [WARNING] [XAGUSD] Failed to fetch signal: 401 Client Error: Unauthorized for url: https://khala-trading.onrender.com/api/signal/XAGUSD?balance=100.0&risk=1.0
2026-07-24 10:02:14,900 [WARNING] [EURUSD] Failed to fetch signal: 401 Client Error: Unauthorized for url: https://khala-trading.onrender.com/api/signal/EURUSD?balance=100.0&risk=1.0
2026-07-24 10:02:16,329 [WARNING] [GBPUSD] Failed to fetch signal: 401 Client Error: Unauthorized for url: https://khala-trading.onrender.com/api/signal/GBPUSD?balance=100.0&risk=1.0
2026-07-24 10:02:17,517 [WARNING] [USDJPY] Failed to fetch signal: 401 Client Error: Unauthorized for url: https://khala-trading.onrender.com/api/signal/USDJPY?balance=100.0&risk=1.0
2026-07-24 10:02:26,545 [WARNING] [BTCUSD] Failed to fetch signal: 401 Client Error: Unauthorized for url: https://khala-trading.onrender.com/api/signal/BTCUSD?balance=100.0&risk=1.0
2026-07-24 10:02:27,724 [WARNING] [US30] Failed to fetch signal: 401 Client Error: Unauthorized for url: https://khala-trading.onrender.com/api/signal/US30?balance=100.0&risk=1.0
2026-07-24 10:03:28,873 [WARNING] [XAUUSD] Failed to fetch signal: 401 Client Error: Unauthorized for url: https://khala-trading.onrender.com/api/signal/XAUUSD?balance=100.0&risk=1.0
2026-07-24 10:03:29,971 [WARNING] [XAGUSD] Failed to fetch signal: 401 Client Error: Unauthorized for url: https://khala-trading.onrender.com/api/signal/XAGUSD?balance=100.0&risk=1.0
2026-07-24 10:03:31,055 [WARNING] [EURUSD] Failed to fetch signal: 401 Client Error: Unauthorized for url: https://khala-trading.onrender.com/api/signal/EURUSD?balance=100.0&risk=1.0
2026-07-24 10:03:33,503 [WARNING] [GBPUSD] Failed to fetch signal: 401 Client Error: Unauthorized for url: https://khala-trading.onrender.com/api/signal/GBPUSD?balance=100.0&risk=1.0
2026-07-24 10:03:34,690 [WARNING] [USDJPY] Failed to fetch signal: 401 Client Error: Unauthorized for url: https://khala-trading.onrender.com/api/signal/USDJPY?balance=100.0&risk=1.0
2026-07-24 10:03:45,359 [WARNING] [BTCUSD] Failed to fetch signal: 401 Client Error: Unauthorized for url: https://khala-trading.onrender.com/api/signal/BTCUSD?balance=100.0&risk=1.0
2026-07-24 10:03:46,867 [WARNING] [US30] Failed to fetch signal: 401 Client Error: Unauthorized for url: https://khala-trading.onrender.com/api/signal/US30?balance=100.0&risk=1.0
2026-07-24 10:04:48,061 [WARNING] [XAUUSD] Failed to fetch signal: 401 Client Error: Unauthorized for url: https://khala-trading.onrender.com/api/signal/XAUUSD?balance=100.0&risk=1.0
2026-07-24 10:04:49,311 [WARNING] [XAGUSD] Failed to fetch signal: 401 Client Error: Unauthorized for url: https://khala-trading.onrender.com/api/signal/XAGUSD?balance=100.0&risk=1.0
2026-07-24 10:04:51,542 [WARNING] [EURUSD] Failed to fetch signal: 401 Client Error: Unauthorized for url: https://khala-trading.onrender.com/api/signal/EURUSD?balance=100.0&risk=1.0
2026-07-24 10:04:52,879 [WARNING] [GBPUSD] Failed to fetch signal: 401 Client Error: Unauthorized for url: https://khala-trading.onrender.com/api/signal/GBPUSD?balance=100.0&risk=1.0
2026-07-24 10:04:54,002 [WARNING] [USDJPY] Failed to fetch signal: 401 Client Error: Unauthorized for url: https://khala-trading.onrender.com/api/signal/USDJPY?balance=100.0&risk=1.0
2026-07-24 10:04:55,129 [WARNING] [BTCUSD] Failed to fetch signal: 401 Client Error: Unauthorized for url: https://khala-trading.onrender.com/api/signal/BTCUSD?balance=100.0&risk=1.0
2026-07-24 10:05:01,569 [WARNING] [US30] Failed to fetch signal: 401 Client Error: Unauthorized for url: https://khala-trading.onrender.com/api/signal/US30?balance=100.0&risk=1.0
2026-07-24 10:06:03,677 [WARNING] [XAUUSD] Failed to fetch signal: 401 Client Error: Unauthorized for url: https://khala-trading.onrender.com/api/signal/XAUUSD?balance=100.0&risk=1.0
2026-07-24 10:06:05,231 [WARNING] [XAGUSD] Failed to fetch signal: 401 Client Error: Unauthorized for url: https://khala-trading.onrender.com/api/signal/XAGUSD?balance=100.0&risk=1.0
2026-07-24 10:06:06,545 [WARNING] [EURUSD] Failed to fetch signal: 401 Client Error: Unauthorized for url: https://khala-trading.onrender.com/api/signal/EURUSD?balance=100.0&risk=1.0
2026-07-24 10:06:09,354 [WARNING] [GBPUSD] Failed to fetch signal: 401 Client Error: Unauthorized for url: https://khala-trading.onrender.com/api/signal/GBPUSD?balance=100.0&risk=1.0
2026-07-24 10:06:10,508 [WARNING] [USDJPY] Failed to fetch signal: 401 Client Error: Unauthorized for url: https://khala-trading.onrender.com/api/signal/USDJPY?balance=100.0&risk=1.0
2026-07-24 10:06:11,591 [WARNING] [BTCUSD] Failed to fetch signal: 401 Client Error: Unauthorized for url: https://khala-trading.onrender.com/api/signal/BTCUSD?balance=100.0&risk=1.0
2026-07-24 10:06:13,678 [WARNING] [US30] Failed to fetch signal: 401 Client Error: Unauthorized for url: https://khala-trading.onrender.com/api/signal/US30?balance=100.0&risk=1.0
2026-07-24 10:07:14,831 [WARNING] [XAUUSD] Failed to fetch signal: 401 Client Error: Unauthorized for url: https://khala-trading.onrender.com/api/signal/XAUUSD?balance=100.0&risk=1.0
2026-07-24 10:07:15,899 [WARNING] [XAGUSD] Failed to fetch signal: 401 Client Error: Unauthorized for url: https://khala-trading.onrender.com/api/signal/XAGUSD?balance=100.0&risk=1.0
2026-07-24 10:07:17,058 [WARNING] [EURUSD] Failed to fetch signal: 401 Client Error: Unauthorized for url: https://khala-trading.onrender.com/api/signal/EURUSD?balance=100.0&risk=1.0
2026-07-24 10:07:18,429 [WARNING] [GBPUSD] Failed to fetch signal: 401 Client Error: Unauthorized for url: https://khala-trading.onrender.com/api/signal/GBPUSD?balance=100.0&risk=1.0
2026-07-24 10:07:24,375 [WARNING] [USDJPY] Failed to fetch signal: 401 Client Error: Unauthorized for url: https://khala-trading.onrender.com/api/signal/USDJPY?balance=100.0&risk=1.0
2026-07-24 10:07:25,496 [WARNING] [BTCUSD] Failed to fetch signal: 401 Client Error: Unauthorized for url: https://khala-trading.onrender.com/api/signal/BTCUSD?balance=100.0&risk=1.0
2026-07-24 10:07:26,590 [WARNING] [US30] Failed to fetch signal: 401 Client Error: Unauthorized for url: https://khala-trading.onrender.com/api/signal/US30?balance=100.0&risk=1.0
2026-07-24 10:08:27,771 [WARNING] [XAUUSD] Failed to fetch signal: 401 Client Error: Unauthorized for url: https://khala-trading.onrender.com/api/signal/XAUUSD?balance=100.0&risk=1.0
2026-07-24 10:08:28,833 [WARNING] [XAGUSD] Failed to fetch signal: 401 Client Error: Unauthorized for url: https://khala-trading.onrender.com/api/signal/XAGUSD?balance=100.0&risk=1.0
2026-07-24 10:08:35,944 [WARNING] [EURUSD] Failed to fetch signal: 401 Client Error: Unauthorized for url: https://khala-trading.onrender.com/api/signal/EURUSD?balance=100.0&risk=1.0
2026-07-24 10:08:37,195 [WARNING] [GBPUSD] Failed to fetch signal: 401 Client Error: Unauthorized for url: https://khala-trading.onrender.com/api/signal/GBPUSD?balance=100.0&risk=1.0
2026-07-24 10:08:39,225 [WARNING] [USDJPY] Failed to fetch signal: 401 Client Error: Unauthorized for url: https://khala-trading.onrender.com/api/signal/USDJPY?balance=100.0&risk=1.0
2026-07-24 10:08:40,594 [WARNING] [BTCUSD] Failed to fetch signal: 401 Client Error: Unauthorized for url: https://khala-trading.onrender.com/api/signal/BTCUSD?balance=100.0&risk=1.0
2026-07-24 10:08:41,721 [WARNING] [US30] Failed to fetch signal: 401 Client Error: Unauthorized for url: https://khala-trading.onrender.com/api/signal/US30?balance=100.0&risk=1.0
2026-07-24 10:09:43,070 [WARNING] [XAUUSD] Failed to fetch signal: 401 Client Error: Unauthorized for url: https://khala-trading.onrender.com/api/signal/XAUUSD?balance=100.0&risk=1.0
2026-07-24 10:09:44,739 [WARNING] [XAGUSD] Failed to fetch signal: 401 Client Error: Unauthorized for url: https://khala-trading.onrender.com/api/signal/XAGUSD?balance=100.0&risk=1.0
2026-07-24 10:09:46,104 [WARNING] [EURUSD] Failed to fetch signal: 401 Client Error: Unauthorized for url: https://khala-trading.onrender.com/api/signal/EURUSD?balance=100.0&risk=1.0
2026-07-24 10:09:55,253 [WARNING] [GBPUSD] Failed to fetch signal: 401 Client Error: Unauthorized for url: https://khala-trading.onrender.com/api/signal/GBPUSD?balance=100.0&risk=1.0
2026-07-24 10:09:56,639 [WARNING] [USDJPY] Failed to fetch signal: 401 Client Error: Unauthorized for url: https://khala-trading.onrender.com/api/signal/USDJPY?balance=100.0&risk=1.0
2026-07-24 10:09:57,808 [WARNING] [BTCUSD] Failed to fetch signal: 401 Client Error: Unauthorized for url: https://khala-trading.onrender.com/api/signal/BTCUSD?balance=100.0&risk=1.0
2026-07-24 10:09:58,919 [WARNING] [US30] Failed to fetch signal: 401 Client Error: Unauthorized for url: https://khala-trading.onrender.com/api/signal/US30?balance=100.0&risk=1.0
2026-07-24 10:11:00,085 [WARNING] [XAUUSD] Failed to fetch signal: 401 Client Error: Unauthorized for url: https://khala-trading.onrender.com/api/signal/XAUUSD?balance=100.0&risk=1.0
2026-07-24 10:11:06,061 [WARNING] [XAGUSD] Failed to fetch signal: 401 Client Error: Unauthorized for url: https://khala-trading.onrender.com/api/signal/XAGUSD?balance=100.0&risk=1.0
2026-07-24 10:11:08,509 [WARNING] [EURUSD] Failed to fetch signal: 401 Client Error: Unauthorized for url: https://khala-trading.onrender.com/api/signal/EURUSD?balance=100.0&risk=1.0
2026-07-24 10:11:14,480 [WARNING] [GBPUSD] Failed to fetch signal: 401 Client Error: Unauthorized for url: https://khala-trading.onrender.com/api/signal/GBPUSD?balance=100.0&risk=1.0
2026-07-24 10:11:15,600 [WARNING] [USDJPY] Failed to fetch signal: 401 Client Error: Unauthorized for url: https://khala-trading.onrender.com/api/signal/USDJPY?balance=100.0&risk=1.0
2026-07-24 10:11:16,806 [WARNING] [BTCUSD] Failed to fetch signal: 401 Client Error: Unauthorized for url: https://khala-trading.onrender.com/api/signal/BTCUSD?balance=100.0&risk=1.0
2026-07-24 10:11:18,034 [WARNING] [US30] Failed to fetch signal: 401 Client Error: Unauthorized for url: https://khala-trading.onrender.com/api/signal/US30?balance=100.0&risk=1.0
2026-07-24 10:12:19,121 [WARNING] [XAUUSD] Failed to fetch signal: 401 Client Error: Unauthorized for url: https://khala-trading.onrender.com/api/signal/XAUUSD?balance=100.0&risk=1.0
2026-07-24 10:12:20,287 [WARNING] [XAGUSD] Failed to fetch signal: 401 Client Error: Unauthorized for url: https://khala-trading.onrender.com/api/signal/XAGUSD?balance=100.0&risk=1.0
2026-07-24 10:12:26,688 [WARNING] [EURUSD] Failed to fetch signal: 401 Client Error: Unauthorized for url: https://khala-trading.onrender.com/api/signal/EURUSD?balance=100.0&risk=1.0
2026-07-24 10:12:27,935 [WARNING] [GBPUSD] Failed to fetch signal: 401 Client Error: Unauthorized for url: https://khala-trading.onrender.com/api/signal/GBPUSD?balance=100.0&risk=1.0
2026-07-24 10:12:29,700 [WARNING] [USDJPY] Failed to fetch signal: 401 Client Error: Unauthorized for url: https://khala-trading.onrender.com/api/signal/USDJPY?balance=100.0&risk=1.0
2026-07-24 10:12:30,746 [WARNING] [BTCUSD] Failed to fetch signal: 401 Client Error: Unauthorized for url: https://khala-trading.onrender.com/api/signal/BTCUSD?balance=100.0&risk=1.0
2026-07-24 10:12:31,934 [WARNING] [US30] Failed to fetch signal: 401 Client Error: Unauthorized for url: https://khala-trading.onrender.com/api/signal/US30?balance=100.0&risk=1.0
2026-07-24 10:13:33,545 [WARNING] [XAUUSD] Failed to fetch signal: 401 Client Error: Unauthorized for url: https://khala-trading.onrender.com/api/signal/XAUUSD?balance=100.0&risk=1.0
2026-07-24 10:13:35,099 [WARNING] [XAGUSD] Failed to fetch signal: 401 Client Error: Unauthorized for url: https://khala-trading.onrender.com/api/signal/XAGUSD?balance=100.0&risk=1.0
2026-07-24 10:13:36,240 [WARNING] [EURUSD] Failed to fetch signal: 401 Client Error: Unauthorized for url: https://khala-trading.onrender.com/api/signal/EURUSD?balance=100.0&risk=1.0
2026-07-24 10:13:38,596 [WARNING] [GBPUSD] Failed to fetch signal: 401 Client Error: Unauthorized for url: https://khala-trading.onrender.com/api/signal/GBPUSD?balance=100.0&risk=1.0
2026-07-24 10:13:40,111 [WARNING] [USDJPY] Failed to fetch signal: 401 Client Error: Unauthorized for url: https://khala-trading.onrender.com/api/signal/USDJPY?balance=100.0&risk=1.0
2026-07-24 10:13:41,270 [WARNING] [BTCUSD] Failed to fetch signal: 401 Client Error: Unauthorized for url: https://khala-trading.onrender.com/api/signal/BTCUSD?balance=100.0&risk=1.0
2026-07-24 14:18:02,524 [INFO] Connected to MT5. Account: 436984922, Balance: 100.0 USD
2026-07-24 14:18:02,535 [INFO] Polling https://khala-trading.onrender.com every 60s for symbols: ['XAUUSD', 'EURUSD', 'GBPUSD', 'USDJPY', 'BTCUSD']
2026-07-24 14:18:02,536 [INFO] Create a file named KILL_SWITCH in Z:\home\khala\projects\khala-trading anytime to halt trading instantly.
2026-07-24 14:18:09,335 [ERROR] Admin login failed (status 401): Invalid password
2026-07-24 14:18:09,335 [ERROR] Check that KHALA_ADMIN_PASSWORD matches your ADMIN_PASSWORD on Render exactly.
2026-07-24 20:16:10,992 [INFO] Connected to MT5. Account: 436984922, Balance: 100.0 USD
2026-07-24 20:16:11,002 [INFO] Polling https://khala-trading.onrender.com every 60s for symbols: ['XAUUSD', 'EURUSD', 'GBPUSD', 'USDJPY', 'BTCUSD']
2026-07-24 20:16:11,003 [INFO] Create a file named KILL_SWITCH in Z:\home\khala\projects\khala-trading anytime to halt trading instantly.
2026-07-24 20:16:17,114 [INFO] Authenticated with the Khala Trading signal API as admin.
2026-07-24 20:16:20,590 [INFO] [XAUUSD] score=8.5 status=A+ SETUP -> EXECUTE (All checks passed)
2026-07-24 20:16:21,018 [INFO]   ORDER PLACED: XAUUSDm BULLISH 0.01 lots @ 4064.283, SL 3943.472, TP1(managed) 4185.094, TP2(broker) 4305.904, ticket #3003140794
2026-07-24 20:16:22,013 [INFO] [EURUSD] score=7.5 status=A+ SETUP -> skip (Score 7.5 below minimum threshold 8)
2026-07-24 20:16:22,950 [INFO] [GBPUSD] score=3.5 status=NO TRADE -> skip (Score 3.5 below minimum threshold 8)
2026-07-24 20:16:23,877 [INFO] [USDJPY] score=7.5 status=A+ SETUP -> skip (Score 7.5 below minimum threshold 8)
2026-07-24 20:16:25,009 [INFO] [BTCUSD] score=3.5 status=NO TRADE -> skip (Score 3.5 below minimum threshold 8)
2026-07-24 20:17:28,883 [INFO] [XAUUSD] score=8.5 status=SIGNAL OPEN - MONITORING -> skip (Already at max positions (1) for XAUUSD)
2026-07-24 20:17:29,710 [INFO] [EURUSD] score=7.5 status=SIGNAL OPEN - MONITORING -> skip (Score 7.5 below minimum threshold 8)
2026-07-24 20:17:30,534 [INFO] [GBPUSD] score=3.5 status=NO TRADE -> skip (Score 3.5 below minimum threshold 8)
2026-07-24 20:17:31,490 [INFO] [USDJPY] score=7.5 status=SIGNAL OPEN - MONITORING -> skip (Score 7.5 below minimum threshold 8)
2026-07-24 20:17:32,540 [INFO] [BTCUSD] score=3.5 status=NO TRADE -> skip (Score 3.5 below minimum threshold 8)
2026-07-24 20:18:35,875 [INFO] [XAUUSD] score=8.5 status=SIGNAL OPEN - MONITORING -> skip (Already at max positions (1) for XAUUSD)
2026-07-24 20:18:36,717 [INFO] [EURUSD] score=7.5 status=SIGNAL OPEN - MONITORING -> skip (Score 7.5 below minimum threshold 8)
2026-07-24 20:18:37,501 [INFO] [GBPUSD] score=0.5 status=NO TRADE -> skip (Score 0.5 below minimum threshold 8)
2026-07-24 20:18:38,619 [INFO] [USDJPY] score=7.5 status=SIGNAL OPEN - MONITORING -> skip (Score 7.5 below minimum threshold 8)
2026-07-24 20:18:40,039 [INFO] [BTCUSD] score=3.5 status=NO TRADE -> skip (Score 3.5 below minimum threshold 8)
2026-07-24 20:19:43,456 [INFO] [XAUUSD] score=8.5 status=SIGNAL OPEN - MONITORING -> skip (Already at max positions (1) for XAUUSD)
2026-07-24 20:19:44,937 [INFO] [EURUSD] score=7.5 status=SIGNAL OPEN - MONITORING -> skip (Score 7.5 below minimum threshold 8)
2026-07-24 20:19:45,928 [INFO] [GBPUSD] score=3.5 status=NO TRADE -> skip (Score 3.5 below minimum threshold 8)
2026-07-24 20:19:47,029 [INFO] [USDJPY] score=7.5 status=SIGNAL OPEN - MONITORING -> skip (Score 7.5 below minimum threshold 8)
2026-07-24 20:19:48,015 [INFO] [BTCUSD] score=3.5 status=NO TRADE -> skip (Score 3.5 below minimum threshold 8)
2026-07-24 20:20:49,914 [INFO] [XAUUSD] score=8.5 status=SIGNAL OPEN - MONITORING -> skip (Already at max positions (1) for XAUUSD)
2026-07-24 20:20:50,691 [INFO] [EURUSD] score=7.5 status=SIGNAL OPEN - MONITORING -> skip (Score 7.5 below minimum threshold 8)
2026-07-24 20:20:51,463 [INFO] [GBPUSD] score=3.5 status=NO TRADE -> skip (Score 3.5 below minimum threshold 8)
2026-07-24 20:20:52,554 [INFO] [USDJPY] score=7.5 status=SIGNAL OPEN - MONITORING -> skip (Score 7.5 below minimum threshold 8)
2026-07-24 20:20:54,026 [INFO] [BTCUSD] score=3.5 status=NO TRADE -> skip (Score 3.5 below minimum threshold 8)
2026-07-24 20:21:55,922 [INFO] [XAUUSD] score=8.5 status=SIGNAL OPEN - MONITORING -> skip (Already at max positions (1) for XAUUSD)
2026-07-24 20:21:56,871 [INFO] [EURUSD] score=7.5 status=SIGNAL OPEN - MONITORING -> skip (Score 7.5 below minimum threshold 8)
2026-07-24 20:21:57,735 [INFO] [GBPUSD] score=3.5 status=NO TRADE -> skip (Score 3.5 below minimum threshold 8)
2026-07-24 20:21:58,605 [INFO] [USDJPY] score=7.5 status=SIGNAL OPEN - MONITORING -> skip (Score 7.5 below minimum threshold 8)
2026-07-24 20:21:59,937 [INFO] [BTCUSD] score=3.5 status=NO TRADE -> skip (Score 3.5 below minimum threshold 8)
2026-07-24 20:23:01,931 [INFO] [XAUUSD] score=8.5 status=SIGNAL OPEN - MONITORING -> skip (Already at max positions (1) for XAUUSD)
2026-07-24 20:23:02,854 [INFO] [EURUSD] score=7.5 status=SIGNAL OPEN - MONITORING -> skip (Score 7.5 below minimum threshold 8)
2026-07-24 20:23:03,510 [INFO] [GBPUSD] score=3.5 status=NO TRADE -> skip (Score 3.5 below minimum threshold 8)
2026-07-24 20:23:04,404 [INFO] [USDJPY] score=7.5 status=SIGNAL OPEN - MONITORING -> skip (Score 7.5 below minimum threshold 8)
2026-07-24 20:23:05,314 [INFO] [BTCUSD] score=3.5 status=NO TRADE -> skip (Score 3.5 below minimum threshold 8)
2026-07-24 20:24:10,158 [INFO] [XAUUSD] score=8.5 status=SIGNAL OPEN - MONITORING -> skip (Already at max positions (1) for XAUUSD)
2026-07-24 20:24:11,105 [INFO] [EURUSD] score=7.5 status=SIGNAL OPEN - MONITORING -> skip (Score 7.5 below minimum threshold 8)
2026-07-24 20:24:12,011 [INFO] [GBPUSD] score=3.5 status=NO TRADE -> skip (Score 3.5 below minimum threshold 8)
2026-07-24 20:24:13,038 [INFO] [USDJPY] score=7.5 status=SIGNAL OPEN - MONITORING -> skip (Score 7.5 below minimum threshold 8)
2026-07-24 20:24:14,279 [INFO] [BTCUSD] score=3.5 status=NO TRADE -> skip (Score 3.5 below minimum threshold 8)
2026-07-24 20:25:17,509 [INFO] [XAUUSD] score=8.5 status=SIGNAL OPEN - MONITORING -> skip (Already at max positions (1) for XAUUSD)
2026-07-24 20:25:18,676 [INFO] [EURUSD] score=7.5 status=SIGNAL OPEN - MONITORING -> skip (Score 7.5 below minimum threshold 8)
2026-07-24 20:25:19,755 [INFO] [GBPUSD] score=3.5 status=NO TRADE -> skip (Score 3.5 below minimum threshold 8)
2026-07-24 20:25:20,805 [INFO] [USDJPY] score=7.5 status=SIGNAL OPEN - MONITORING -> skip (Score 7.5 below minimum threshold 8)
2026-07-24 20:25:21,815 [INFO] [BTCUSD] score=3.5 status=NO TRADE -> skip (Score 3.5 below minimum threshold 8)
2026-07-24 20:26:25,049 [INFO] [XAUUSD] score=8.5 status=SIGNAL OPEN - MONITORING -> skip (Already at max positions (1) for XAUUSD)
2026-07-24 20:26:25,936 [INFO] [EURUSD] score=7.5 status=SIGNAL OPEN - MONITORING -> skip (Score 7.5 below minimum threshold 8)
2026-07-24 20:26:26,942 [INFO] [GBPUSD] score=0.5 status=NO TRADE -> skip (Score 0.5 below minimum threshold 8)
2026-07-24 20:26:27,894 [INFO] [USDJPY] score=7.5 status=SIGNAL OPEN - MONITORING -> skip (Score 7.5 below minimum threshold 8)
2026-07-24 20:26:29,039 [INFO] [BTCUSD] score=3.5 status=NO TRADE -> skip (Score 3.5 below minimum threshold 8)
2026-07-24 20:27:32,544 [INFO] [XAUUSD] score=8.5 status=SIGNAL OPEN - MONITORING -> skip (Already at max positions (1) for XAUUSD)
2026-07-24 20:27:33,753 [INFO] [EURUSD] score=7.5 status=SIGNAL OPEN - MONITORING -> skip (Score 7.5 below minimum threshold 8)
2026-07-24 20:27:34,623 [INFO] [GBPUSD] score=0.5 status=NO TRADE -> skip (Score 0.5 below minimum threshold 8)
2026-07-24 20:27:35,490 [INFO] [USDJPY] score=7.5 status=SIGNAL OPEN - MONITORING -> skip (Score 7.5 below minimum threshold 8)
2026-07-24 20:27:36,603 [INFO] [BTCUSD] score=3.5 status=NO TRADE -> skip (Score 3.5 below minimum threshold 8)
2026-07-24 20:28:40,351 [INFO] [XAUUSD] score=8.5 status=SIGNAL OPEN - MONITORING -> skip (Already at max positions (1) for XAUUSD)
2026-07-24 20:28:41,222 [INFO] [EURUSD] score=7.5 status=SIGNAL OPEN - MONITORING -> skip (Score 7.5 below minimum threshold 8)
2026-07-24 20:28:42,131 [INFO] [GBPUSD] score=0.5 status=NO TRADE -> skip (Score 0.5 below minimum threshold 8)
2026-07-24 20:28:43,078 [INFO] [USDJPY] score=7.5 status=SIGNAL OPEN - MONITORING -> skip (Score 7.5 below minimum threshold 8)
2026-07-24 20:28:44,070 [INFO] [BTCUSD] score=3.5 status=NO TRADE -> skip (Score 3.5 below minimum threshold 8)
2026-07-24 20:29:46,131 [INFO] [XAUUSD] score=8.5 status=SIGNAL OPEN - MONITORING -> skip (Already at max positions (1) for XAUUSD)
2026-07-24 20:29:47,447 [INFO] [EURUSD] score=7.5 status=SIGNAL OPEN - MONITORING -> skip (Score 7.5 below minimum threshold 8)
2026-07-24 20:29:48,210 [INFO] [GBPUSD] score=0.5 status=NO TRADE -> skip (Score 0.5 below minimum threshold 8)
2026-07-24 20:29:50,324 [INFO] [USDJPY] score=7.5 status=SIGNAL OPEN - MONITORING -> skip (Score 7.5 below minimum threshold 8)
2026-07-24 20:29:51,202 [INFO] [BTCUSD] score=3.5 status=NO TRADE -> skip (Score 3.5 below minimum threshold 8)
2026-07-24 20:30:53,137 [INFO] [XAUUSD] score=8.5 status=SIGNAL OPEN - MONITORING -> skip (Already at max positions (1) for XAUUSD)
2026-07-24 20:30:53,946 [INFO] [EURUSD] score=7.5 status=SIGNAL OPEN - MONITORING -> skip (Score 7.5 below minimum threshold 8)
2026-07-24 20:30:54,842 [INFO] [GBPUSD] score=0.5 status=NO TRADE -> skip (Score 0.5 below minimum threshold 8)
2026-07-24 20:30:55,728 [INFO] [USDJPY] score=7.5 status=SIGNAL OPEN - MONITORING -> skip (Score 7.5 below minimum threshold 8)
2026-07-24 20:30:56,748 [INFO] [BTCUSD] score=3.5 status=NO TRADE -> skip (Score 3.5 below minimum threshold 8)
2026-07-24 20:31:58,698 [INFO] [XAUUSD] score=8.5 status=SIGNAL OPEN - MONITORING -> skip (Already at max positions (1) for XAUUSD)
2026-07-24 20:31:59,488 [INFO] [EURUSD] score=7.5 status=SIGNAL OPEN - MONITORING -> skip (Score 7.5 below minimum threshold 8)
2026-07-24 20:32:00,280 [INFO] [GBPUSD] score=0.5 status=NO TRADE -> skip (Score 0.5 below minimum threshold 8)
2026-07-24 20:32:01,296 [INFO] [USDJPY] score=7.5 status=SIGNAL OPEN - MONITORING -> skip (Score 7.5 below minimum threshold 8)
2026-07-24 20:32:02,278 [INFO] [BTCUSD] score=3.5 status=NO TRADE -> skip (Score 3.5 below minimum threshold 8)
2026-07-24 20:33:05,373 [INFO] [XAUUSD] score=8.5 status=SIGNAL OPEN - MONITORING -> skip (Already at max positions (1) for XAUUSD)
2026-07-24 20:33:06,303 [INFO] [EURUSD] score=7.5 status=SIGNAL OPEN - MONITORING -> skip (Score 7.5 below minimum threshold 8)
2026-07-24 20:33:07,209 [INFO] [GBPUSD] score=0.5 status=NO TRADE -> skip (Score 0.5 below minimum threshold 8)
2026-07-24 20:33:08,084 [INFO] [USDJPY] score=7.5 status=SIGNAL OPEN - MONITORING -> skip (Score 7.5 below minimum threshold 8)
2026-07-24 20:33:09,072 [INFO] [BTCUSD] score=3.5 status=NO TRADE -> skip (Score 3.5 below minimum threshold 8)
2026-07-24 20:34:12,306 [INFO] [XAUUSD] score=8.5 status=SIGNAL OPEN - MONITORING -> skip (Already at max positions (1) for XAUUSD)
2026-07-24 20:34:13,201 [INFO] [EURUSD] score=7.5 status=SIGNAL OPEN - MONITORING -> skip (Score 7.5 below minimum threshold 8)
2026-07-24 20:34:13,993 [INFO] [GBPUSD] score=0.5 status=NO TRADE -> skip (Score 0.5 below minimum threshold 8)
2026-07-24 20:34:14,922 [INFO] [USDJPY] score=7.5 status=SIGNAL OPEN - MONITORING -> skip (Score 7.5 below minimum threshold 8)
2026-07-24 20:34:15,993 [INFO] [BTCUSD] score=3.5 status=NO TRADE -> skip (Score 3.5 below minimum threshold 8)
2026-07-24 20:35:19,541 [INFO] [XAUUSD] score=8.5 status=SIGNAL OPEN - MONITORING -> skip (Already at max positions (1) for XAUUSD)
2026-07-24 20:35:20,918 [INFO] [EURUSD] score=7.5 status=SIGNAL OPEN - MONITORING -> skip (Score 7.5 below minimum threshold 8)
2026-07-24 20:35:21,742 [INFO] [GBPUSD] score=0.5 status=NO TRADE -> skip (Score 0.5 below minimum threshold 8)
2026-07-24 20:35:22,666 [INFO] [USDJPY] score=7.5 status=SIGNAL OPEN - MONITORING -> skip (Score 7.5 below minimum threshold 8)
2026-07-24 20:35:23,708 [INFO] [BTCUSD] score=3.5 status=NO TRADE -> skip (Score 3.5 below minimum threshold 8)
2026-07-24 20:36:26,957 [INFO] [XAUUSD] score=8.5 status=SIGNAL OPEN - MONITORING -> skip (Already at max positions (1) for XAUUSD)
2026-07-24 20:36:27,902 [INFO] [EURUSD] score=7.5 status=SIGNAL OPEN - MONITORING -> skip (Score 7.5 below minimum threshold 8)
2026-07-24 20:36:28,722 [INFO] [GBPUSD] score=3.5 status=NO TRADE -> skip (Score 3.5 below minimum threshold 8)
2026-07-24 20:36:29,631 [INFO] [USDJPY] score=7.5 status=SIGNAL OPEN - MONITORING -> skip (Score 7.5 below minimum threshold 8)
2026-07-24 20:36:30,706 [INFO] [BTCUSD] score=3.5 status=NO TRADE -> skip (Score 3.5 below minimum threshold 8)
2026-07-24 20:37:34,006 [INFO] [XAUUSD] score=8.5 status=SIGNAL OPEN - MONITORING -> skip (Already at max positions (1) for XAUUSD)
2026-07-24 20:37:34,876 [INFO] [EURUSD] score=7.5 status=SIGNAL OPEN - MONITORING -> skip (Score 7.5 below minimum threshold 8)
2026-07-24 20:37:35,687 [INFO] [GBPUSD] score=3.5 status=NO TRADE -> skip (Score 3.5 below minimum threshold 8)
2026-07-24 20:37:36,574 [INFO] [USDJPY] score=7.5 status=SIGNAL OPEN - MONITORING -> skip (Score 7.5 below minimum threshold 8)
2026-07-24 20:37:37,592 [INFO] [BTCUSD] score=3.5 status=NO TRADE -> skip (Score 3.5 below minimum threshold 8)
2026-07-24 20:38:41,034 [INFO] [XAUUSD] score=8.5 status=SIGNAL OPEN - MONITORING -> skip (Already at max positions (1) for XAUUSD)
2026-07-24 20:38:41,980 [INFO] [EURUSD] score=7.5 status=SIGNAL OPEN - MONITORING -> skip (Score 7.5 below minimum threshold 8)
2026-07-24 20:38:42,725 [INFO] [GBPUSD] score=3.5 status=NO TRADE -> skip (Score 3.5 below minimum threshold 8)
2026-07-24 20:38:43,694 [INFO] [USDJPY] score=7.5 status=SIGNAL OPEN - MONITORING -> skip (Score 7.5 below minimum threshold 8)
2026-07-24 20:38:45,293 [INFO] [BTCUSD] score=3.5 status=NO TRADE -> skip (Score 3.5 below minimum threshold 8)
2026-07-24 20:39:49,171 [INFO] [XAUUSD] score=8.5 status=SIGNAL OPEN - MONITORING -> skip (Already at max positions (1) for XAUUSD)
2026-07-24 20:39:50,022 [INFO] [EURUSD] score=7.5 status=SIGNAL OPEN - MONITORING -> skip (Score 7.5 below minimum threshold 8)
2026-07-24 20:39:51,124 [INFO] [GBPUSD] score=3.5 status=NO TRADE -> skip (Score 3.5 below minimum threshold 8)
2026-07-24 20:39:52,314 [INFO] [USDJPY] score=7.5 status=SIGNAL OPEN - MONITORING -> skip (Score 7.5 below minimum threshold 8)
2026-07-24 20:39:53,433 [INFO] [BTCUSD] score=3.5 status=NO TRADE -> skip (Score 3.5 below minimum threshold 8)
2026-07-24 20:40:55,340 [INFO] [XAUUSD] score=8.5 status=SIGNAL OPEN - MONITORING -> skip (Already at max positions (1) for XAUUSD)
2026-07-24 20:40:56,215 [INFO] [EURUSD] score=7.5 status=SIGNAL OPEN - MONITORING -> skip (Score 7.5 below minimum threshold 8)
2026-07-24 20:40:56,973 [INFO] [GBPUSD] score=3.5 status=NO TRADE -> skip (Score 3.5 below minimum threshold 8)
2026-07-24 20:40:57,882 [INFO] [USDJPY] score=7.5 status=SIGNAL OPEN - MONITORING -> skip (Score 7.5 below minimum threshold 8)
2026-07-24 20:40:59,163 [INFO] [BTCUSD] score=3.5 status=NO TRADE -> skip (Score 3.5 below minimum threshold 8)
2026-07-24 20:42:01,285 [INFO] [XAUUSD] score=8.5 status=SIGNAL OPEN - MONITORING -> skip (Already at max positions (1) for XAUUSD)
2026-07-24 20:42:02,216 [INFO] [EURUSD] score=7.5 status=SIGNAL OPEN - MONITORING -> skip (Score 7.5 below minimum threshold 8)
2026-07-24 20:42:03,129 [INFO] [GBPUSD] score=3.5 status=NO TRADE -> skip (Score 3.5 below minimum threshold 8)
2026-07-24 20:42:04,312 [INFO] [USDJPY] score=7.5 status=SIGNAL OPEN - MONITORING -> skip (Score 7.5 below minimum threshold 8)
2026-07-24 20:42:05,407 [INFO] [BTCUSD] score=3.5 status=NO TRADE -> skip (Score 3.5 below minimum threshold 8)
2026-07-24 20:43:08,720 [INFO] [XAUUSD] score=8.5 status=SIGNAL OPEN - MONITORING -> skip (Already at max positions (1) for XAUUSD)
2026-07-24 20:43:09,616 [INFO] [EURUSD] score=7.5 status=SIGNAL OPEN - MONITORING -> skip (Score 7.5 below minimum threshold 8)
2026-07-24 20:43:10,530 [INFO] [GBPUSD] score=3.5 status=NO TRADE -> skip (Score 3.5 below minimum threshold 8)
2026-07-24 20:43:11,583 [INFO] [USDJPY] score=7.5 status=SIGNAL OPEN - MONITORING -> skip (Score 7.5 below minimum threshold 8)
2026-07-24 20:43:12,813 [INFO] [BTCUSD] score=3.5 status=NO TRADE -> skip (Score 3.5 below minimum threshold 8)
2026-07-24 20:44:16,041 [INFO] [XAUUSD] score=8.5 status=SIGNAL OPEN - MONITORING -> skip (Already at max positions (1) for XAUUSD)
2026-07-24 20:44:17,007 [INFO] [EURUSD] score=7.5 status=SIGNAL OPEN - MONITORING -> skip (Score 7.5 below minimum threshold 8)
2026-07-24 20:44:17,907 [INFO] [GBPUSD] score=3.5 status=NO TRADE -> skip (Score 3.5 below minimum threshold 8)
2026-07-24 20:44:18,844 [INFO] [USDJPY] score=7.5 status=SIGNAL OPEN - MONITORING -> skip (Score 7.5 below minimum threshold 8)
2026-07-24 20:44:19,892 [INFO] [BTCUSD] score=3.5 status=NO TRADE -> skip (Score 3.5 below minimum threshold 8)
2026-07-24 20:45:23,117 [INFO] [XAUUSD] score=8.5 status=SIGNAL OPEN - MONITORING -> skip (Already at max positions (1) for XAUUSD)
2026-07-24 20:45:24,342 [INFO] [EURUSD] score=7.5 status=SIGNAL OPEN - MONITORING -> skip (Score 7.5 below minimum threshold 8)
2026-07-24 20:45:39,346 [WARNING] [GBPUSD] Failed to fetch signal: HTTPSConnectionPool(host='khala-trading.onrender.com', port=443): Read timed out. (read timeout=15)
2026-07-24 20:45:39,350 [WARNING] [USDJPY] Failed to fetch signal: HTTPSConnectionPool(host='khala-trading.onrender.com', port=443): Max retries exceeded with url: /api/signal/USDJPY?balance=100.0&risk=1.0 (Caused by NameResolutionError("HTTPSConnection(host='khala-trading.onrender.com', port=443): Failed to resolve 'khala-trading.onrender.com' ([Errno 11002] getaddrinfo failed)"))
2026-07-24 20:45:39,354 [WARNING] [BTCUSD] Failed to fetch signal: HTTPSConnectionPool(host='khala-trading.onrender.com', port=443): Max retries exceeded with url: /api/signal/BTCUSD?balance=100.0&risk=1.0 (Caused by NameResolutionError("HTTPSConnection(host='khala-trading.onrender.com', port=443): Failed to resolve 'khala-trading.onrender.com' ([Errno 11002] getaddrinfo failed)"))
2026-07-24 20:46:43,297 [INFO] [XAUUSD] score=8.5 status=SIGNAL OPEN - MONITORING -> skip (Already at max positions (1) for XAUUSD)
2026-07-24 20:46:44,720 [INFO] [EURUSD] score=7.5 status=SIGNAL OPEN - MONITORING -> skip (Score 7.5 below minimum threshold 8)
2026-07-24 20:46:45,607 [INFO] [GBPUSD] score=0.5 status=NO TRADE -> skip (Score 0.5 below minimum threshold 8)
2026-07-24 20:46:46,551 [INFO] [USDJPY] score=7.5 status=SIGNAL OPEN - MONITORING -> skip (Score 7.5 below minimum threshold 8)
2026-07-24 20:46:47,694 [INFO] [BTCUSD] score=3.5 status=NO TRADE -> skip (Score 3.5 below minimum threshold 8)
2026-07-24 20:47:49,757 [INFO] [XAUUSD] score=8.5 status=SIGNAL OPEN - MONITORING -> skip (Already at max positions (1) for XAUUSD)
2026-07-24 20:47:50,719 [INFO] [EURUSD] score=7.5 status=SIGNAL OPEN - MONITORING -> skip (Score 7.5 below minimum threshold 8)
2026-07-24 20:47:51,435 [INFO] [GBPUSD] score=0.5 status=NO TRADE -> skip (Score 0.5 below minimum threshold 8)
2026-07-24 20:47:52,311 [INFO] [USDJPY] score=7.5 status=SIGNAL OPEN - MONITORING -> skip (Score 7.5 below minimum threshold 8)
2026-07-24 20:47:53,227 [INFO] [BTCUSD] score=3.5 status=NO TRADE -> skip (Score 3.5 below minimum threshold 8)
2026-07-24 20:48:55,105 [INFO] [XAUUSD] score=8.5 status=SIGNAL OPEN - MONITORING -> skip (Already at max positions (1) for XAUUSD)
2026-07-24 20:48:55,861 [INFO] [EURUSD] score=7.5 status=SIGNAL OPEN - MONITORING -> skip (Score 7.5 below minimum threshold 8)
2026-07-24 20:48:56,628 [INFO] [GBPUSD] score=0.5 status=NO TRADE -> skip (Score 0.5 below minimum threshold 8)
2026-07-24 20:48:57,534 [INFO] [USDJPY] score=7.5 status=SIGNAL OPEN - MONITORING -> skip (Score 7.5 below minimum threshold 8)
2026-07-24 20:48:58,614 [INFO] [BTCUSD] score=3.5 status=NO TRADE -> skip (Score 3.5 below minimum threshold 8)
2026-07-24 20:50:00,610 [INFO] [XAUUSD] score=8.5 status=SIGNAL OPEN - MONITORING -> skip (Already at max positions (1) for XAUUSD)
2026-07-24 20:50:01,421 [INFO] [EURUSD] score=7.5 status=SIGNAL OPEN - MONITORING -> skip (Score 7.5 below minimum threshold 8)
2026-07-24 20:50:02,179 [INFO] [GBPUSD] score=3.5 status=NO TRADE -> skip (Score 3.5 below minimum threshold 8)
2026-07-24 20:50:03,094 [INFO] [USDJPY] score=7.5 status=SIGNAL OPEN - MONITORING -> skip (Score 7.5 below minimum threshold 8)
2026-07-24 20:50:04,097 [INFO] [BTCUSD] score=3.5 status=NO TRADE -> skip (Score 3.5 below minimum threshold 8)
2026-07-24 20:51:08,171 [INFO] [XAUUSD] score=8.5 status=SIGNAL OPEN - MONITORING -> skip (Already at max positions (1) for XAUUSD)
2026-07-24 20:51:09,280 [INFO] [EURUSD] score=7.5 status=SIGNAL OPEN - MONITORING -> skip (Score 7.5 below minimum threshold 8)
2026-07-24 20:51:10,104 [INFO] [GBPUSD] score=0.5 status=NO TRADE -> skip (Score 0.5 below minimum threshold 8)
2026-07-24 20:51:11,851 [INFO] [USDJPY] score=7.5 status=SIGNAL OPEN - MONITORING -> skip (Score 7.5 below minimum threshold 8)
2026-07-24 20:51:13,121 [INFO] [BTCUSD] score=3.5 status=NO TRADE -> skip (Score 3.5 below minimum threshold 8)
2026-07-24 20:52:16,210 [INFO] [XAUUSD] score=8.5 status=SIGNAL OPEN - MONITORING -> skip (Already at max positions (1) for XAUUSD)
2026-07-24 20:52:17,004 [INFO] [EURUSD] score=7.5 status=SIGNAL OPEN - MONITORING -> skip (Score 7.5 below minimum threshold 8)
2026-07-24 20:52:17,994 [INFO] [GBPUSD] score=0.5 status=NO TRADE -> skip (Score 0.5 below minimum threshold 8)
2026-07-24 20:52:18,921 [INFO] [USDJPY] score=7.5 status=SIGNAL OPEN - MONITORING -> skip (Score 7.5 below minimum threshold 8)
2026-07-24 20:52:19,992 [INFO] [BTCUSD] score=3.5 status=NO TRADE -> skip (Score 3.5 below minimum threshold 8)
2026-07-24 20:53:22,083 [INFO] [XAUUSD] score=8.5 status=SIGNAL OPEN - MONITORING -> skip (Already at max positions (1) for XAUUSD)
2026-07-24 20:53:23,028 [INFO] [EURUSD] score=7.5 status=SIGNAL OPEN - MONITORING -> skip (Score 7.5 below minimum threshold 8)
2026-07-24 20:53:23,694 [INFO] [GBPUSD] score=3.5 status=NO TRADE -> skip (Score 3.5 below minimum threshold 8)
2026-07-24 20:53:24,614 [INFO] [USDJPY] score=7.5 status=SIGNAL OPEN - MONITORING -> skip (Score 7.5 below minimum threshold 8)
2026-07-24 20:53:25,564 [INFO] [BTCUSD] score=3.5 status=NO TRADE -> skip (Score 3.5 below minimum threshold 8)
2026-07-24 20:54:28,610 [INFO] [XAUUSD] score=8.5 status=SIGNAL OPEN - MONITORING -> skip (Already at max positions (1) for XAUUSD)
2026-07-24 20:54:29,555 [INFO] [EURUSD] score=7.5 status=SIGNAL OPEN - MONITORING -> skip (Score 7.5 below minimum threshold 8)
2026-07-24 20:54:30,732 [INFO] [GBPUSD] score=0.5 status=NO TRADE -> skip (Score 0.5 below minimum threshold 8)
2026-07-24 20:54:31,899 [INFO] [USDJPY] score=7.5 status=SIGNAL OPEN - MONITORING -> skip (Score 7.5 below minimum threshold 8)
2026-07-24 20:54:32,939 [INFO] [BTCUSD] score=3.5 status=NO TRADE -> skip (Score 3.5 below minimum threshold 8)
2026-07-24 20:55:33,669 [INFO] [XAUUSD] score=8.5 status=SIGNAL OPEN - MONITORING -> skip (Already at max positions (1) for XAUUSD)
2026-07-24 20:55:34,567 [INFO] [EURUSD] score=7.5 status=SIGNAL OPEN - MONITORING -> skip (Score 7.5 below minimum threshold 8)
2026-07-24 20:55:35,382 [INFO] [GBPUSD] score=0.5 status=NO TRADE -> skip (Score 0.5 below minimum threshold 8)
2026-07-24 20:55:36,374 [INFO] [USDJPY] score=7.5 status=SIGNAL OPEN - MONITORING -> skip (Score 7.5 below minimum threshold 8)
2026-07-24 20:55:37,294 [INFO] [BTCUSD] score=3.5 status=NO TRADE -> skip (Score 3.5 below minimum threshold 8)
2026-07-24 20:56:39,144 [INFO] [XAUUSD] score=8.5 status=SIGNAL OPEN - MONITORING -> skip (Already at max positions (1) for XAUUSD)
2026-07-24 20:56:39,968 [INFO] [EURUSD] score=7.5 status=SIGNAL OPEN - MONITORING -> skip (Score 7.5 below minimum threshold 8)
2026-07-24 20:56:40,856 [INFO] [GBPUSD] score=0.5 status=NO TRADE -> skip (Score 0.5 below minimum threshold 8)
2026-07-24 20:56:42,797 [INFO] [USDJPY] score=7.5 status=SIGNAL OPEN - MONITORING -> skip (Score 7.5 below minimum threshold 8)
2026-07-24 20:56:43,797 [INFO] [BTCUSD] score=3.5 status=NO TRADE -> skip (Score 3.5 below minimum threshold 8)
2026-07-24 20:57:46,975 [INFO] [XAUUSD] score=8.5 status=SIGNAL OPEN - MONITORING -> skip (Already at max positions (1) for XAUUSD)
2026-07-24 20:57:47,884 [INFO] [EURUSD] score=7.5 status=SIGNAL OPEN - MONITORING -> skip (Score 7.5 below minimum threshold 8)
2026-07-24 20:57:48,901 [INFO] [GBPUSD] score=0.5 status=NO TRADE -> skip (Score 0.5 below minimum threshold 8)
2026-07-24 20:57:49,820 [INFO] [USDJPY] score=7.5 status=SIGNAL OPEN - MONITORING -> skip (Score 7.5 below minimum threshold 8)
2026-07-24 20:57:51,257 [INFO] [BTCUSD] score=3.5 status=NO TRADE -> skip (Score 3.5 below minimum threshold 8)
2026-07-24 20:58:53,102 [INFO] [XAUUSD] score=8.5 status=SIGNAL OPEN - MONITORING -> skip (Already at max positions (1) for XAUUSD)
2026-07-24 20:58:53,892 [INFO] [EURUSD] score=7.5 status=SIGNAL OPEN - MONITORING -> skip (Score 7.5 below minimum threshold 8)
2026-07-24 20:58:54,743 [INFO] [GBPUSD] score=0.5 status=NO TRADE -> skip (Score 0.5 below minimum threshold 8)
2026-07-24 20:58:55,696 [INFO] [USDJPY] score=7.5 status=SIGNAL OPEN - MONITORING -> skip (Score 7.5 below minimum threshold 8)
2026-07-24 20:58:56,745 [INFO] [BTCUSD] score=3.5 status=NO TRADE -> skip (Score 3.5 below minimum threshold 8)
2026-07-24 21:00:00,008 [INFO] [XAUUSD] score=8.5 status=SIGNAL OPEN - MONITORING -> skip (Already at max positions (1) for XAUUSD)
2026-07-24 21:00:01,079 [INFO] [EURUSD] score=7.5 status=SIGNAL OPEN - MONITORING -> skip (Score 7.5 below minimum threshold 8)
2026-07-24 21:00:02,017 [INFO] [GBPUSD] score=0.5 status=NO TRADE -> skip (Score 0.5 below minimum threshold 8)
2026-07-24 21:00:02,916 [INFO] [USDJPY] score=7.5 status=SIGNAL OPEN - MONITORING -> skip (Score 7.5 below minimum threshold 8)
2026-07-24 21:00:04,445 [INFO] [BTCUSD] score=3.5 status=NO TRADE -> skip (Score 3.5 below minimum threshold 8)
2026-07-24 21:01:06,470 [INFO] [XAUUSD] score=8.5 status=SIGNAL OPEN - MONITORING -> skip (Already at max positions (1) for XAUUSD)
2026-07-24 21:01:07,282 [INFO] [EURUSD] score=7.5 status=SIGNAL OPEN - MONITORING -> skip (Score 7.5 below minimum threshold 8)
2026-07-24 21:01:08,082 [INFO] [GBPUSD] score=0.5 status=NO TRADE -> skip (Score 0.5 below minimum threshold 8)
2026-07-24 21:01:09,144 [INFO] [USDJPY] score=7.5 status=SIGNAL OPEN - MONITORING -> skip (Score 7.5 below minimum threshold 8)
2026-07-24 21:01:10,340 [INFO] [BTCUSD] score=3.5 status=NO TRADE -> skip (Score 3.5 below minimum threshold 8)
2026-07-24 21:02:13,600 [INFO] [XAUUSD] score=8.5 status=SIGNAL OPEN - MONITORING -> skip (Already at max positions (1) for XAUUSD)
2026-07-24 21:02:14,502 [INFO] [EURUSD] score=7.5 status=SIGNAL OPEN - MONITORING -> skip (Score 7.5 below minimum threshold 8)
2026-07-24 21:02:15,393 [INFO] [GBPUSD] score=0.5 status=NO TRADE -> skip (Score 0.5 below minimum threshold 8)
2026-07-24 21:02:16,278 [INFO] [USDJPY] score=7.5 status=SIGNAL OPEN - MONITORING -> skip (Score 7.5 below minimum threshold 8)
2026-07-24 21:02:17,305 [INFO] [BTCUSD] score=3.5 status=NO TRADE -> skip (Score 3.5 below minimum threshold 8)
2026-07-24 21:03:19,292 [INFO] [XAUUSD] score=8.5 status=SIGNAL OPEN - MONITORING -> skip (Already at max positions (1) for XAUUSD)
2026-07-24 21:03:20,189 [INFO] [EURUSD] score=7.5 status=SIGNAL OPEN - MONITORING -> skip (Score 7.5 below minimum threshold 8)
2026-07-24 21:03:21,133 [INFO] [GBPUSD] score=0.5 status=NO TRADE -> skip (Score 0.5 below minimum threshold 8)
2026-07-24 21:03:22,170 [INFO] [USDJPY] score=7.5 status=SIGNAL OPEN - MONITORING -> skip (Score 7.5 below minimum threshold 8)
2026-07-24 21:03:23,239 [INFO] [BTCUSD] score=3.5 status=NO TRADE -> skip (Score 3.5 below minimum threshold 8)
2026-07-24 21:04:25,313 [INFO] [XAUUSD] score=8.5 status=SIGNAL OPEN - MONITORING -> skip (Already at max positions (1) for XAUUSD)
2026-07-24 21:04:26,212 [INFO] [EURUSD] score=7.5 status=SIGNAL OPEN - MONITORING -> skip (Score 7.5 below minimum threshold 8)
2026-07-24 21:04:27,463 [INFO] [GBPUSD] score=0.5 status=NO TRADE -> skip (Score 0.5 below minimum threshold 8)
2026-07-24 21:04:28,392 [INFO] [USDJPY] score=7.5 status=SIGNAL OPEN - MONITORING -> skip (Score 7.5 below minimum threshold 8)
2026-07-24 21:04:30,189 [INFO] [BTCUSD] score=3.5 status=NO TRADE -> skip (Score 3.5 below minimum threshold 8)
2026-07-24 21:05:33,304 [INFO] [XAUUSD] score=8.5 status=SIGNAL OPEN - MONITORING -> skip (Already at max positions (1) for XAUUSD)
2026-07-24 21:05:34,225 [INFO] [EURUSD] score=7.5 status=SIGNAL OPEN - MONITORING -> skip (Score 7.5 below minimum threshold 8)
2026-07-24 21:05:35,074 [INFO] [GBPUSD] score=0.5 status=NO TRADE -> skip (Score 0.5 below minimum threshold 8)
2026-07-24 21:05:36,089 [INFO] [USDJPY] score=7.5 status=SIGNAL OPEN - MONITORING -> skip (Score 7.5 below minimum threshold 8)
2026-07-24 21:05:37,373 [INFO] [BTCUSD] score=3.5 status=NO TRADE -> skip (Score 3.5 below minimum threshold 8)
2026-07-24 21:06:39,916 [INFO] [XAUUSD] score=8.5 status=SIGNAL OPEN - MONITORING -> skip (Already at max positions (1) for XAUUSD)
2026-07-24 21:06:40,796 [INFO] [EURUSD] score=7.5 status=SIGNAL OPEN - MONITORING -> skip (Score 7.5 below minimum threshold 8)
2026-07-24 21:06:41,703 [INFO] [GBPUSD] score=0.5 status=NO TRADE -> skip (Score 0.5 below minimum threshold 8)
2026-07-24 21:06:42,972 [INFO] [USDJPY] score=7.5 status=SIGNAL OPEN - MONITORING -> skip (Score 7.5 below minimum threshold 8)
2026-07-24 21:06:44,313 [INFO] [BTCUSD] score=3.5 status=NO TRADE -> skip (Score 3.5 below minimum threshold 8)
2026-07-24 21:07:46,248 [INFO] [XAUUSD] score=8.5 status=SIGNAL OPEN - MONITORING -> skip (Already at max positions (1) for XAUUSD)
2026-07-24 21:07:47,996 [INFO] [EURUSD] score=7.5 status=SIGNAL OPEN - MONITORING -> skip (Score 7.5 below minimum threshold 8)
2026-07-24 21:07:48,776 [INFO] [GBPUSD] score=0.5 status=NO TRADE -> skip (Score 0.5 below minimum threshold 8)
2026-07-24 21:07:49,733 [INFO] [USDJPY] score=7.5 status=SIGNAL OPEN - MONITORING -> skip (Score 7.5 below minimum threshold 8)
2026-07-24 21:07:50,803 [INFO] [BTCUSD] score=3.5 status=NO TRADE -> skip (Score 3.5 below minimum threshold 8)
2026-07-24 21:08:52,826 [INFO] [XAUUSD] score=8.5 status=SIGNAL OPEN - MONITORING -> skip (Already at max positions (1) for XAUUSD)
2026-07-24 21:08:53,676 [INFO] [EURUSD] score=7.5 status=SIGNAL OPEN - MONITORING -> skip (Score 7.5 below minimum threshold 8)
2026-07-24 21:08:54,485 [INFO] [GBPUSD] score=0.5 status=NO TRADE -> skip (Score 0.5 below minimum threshold 8)
2026-07-24 21:08:55,401 [INFO] [USDJPY] score=7.5 status=SIGNAL OPEN - MONITORING -> skip (Score 7.5 below minimum threshold 8)
2026-07-24 21:08:56,676 [INFO] [BTCUSD] score=3.5 status=NO TRADE -> skip (Score 3.5 below minimum threshold 8)
2026-07-24 21:09:59,119 [INFO] [XAUUSD] score=8.5 status=SIGNAL OPEN - MONITORING -> skip (Already at max positions (1) for XAUUSD)
2026-07-24 21:09:59,902 [INFO] [EURUSD] score=7.5 status=SIGNAL OPEN - MONITORING -> skip (Score 7.5 below minimum threshold 8)
2026-07-24 21:10:01,270 [INFO] [GBPUSD] score=0.5 status=NO TRADE -> skip (Score 0.5 below minimum threshold 8)
2026-07-24 21:10:02,324 [INFO] [USDJPY] score=7.5 status=SIGNAL OPEN - MONITORING -> skip (Score 7.5 below minimum threshold 8)
2026-07-24 21:10:03,930 [INFO] [BTCUSD] score=3.5 status=NO TRADE -> skip (Score 3.5 below minimum threshold 8)
2026-07-24 21:11:07,087 [INFO] [XAUUSD] score=8.5 status=SIGNAL OPEN - MONITORING -> skip (Already at max positions (1) for XAUUSD)
2026-07-24 21:11:07,964 [INFO] [EURUSD] score=7.5 status=SIGNAL OPEN - MONITORING -> skip (Score 7.5 below minimum threshold 8)
2026-07-24 21:11:08,801 [INFO] [GBPUSD] score=0.5 status=NO TRADE -> skip (Score 0.5 below minimum threshold 8)
2026-07-24 21:11:09,679 [INFO] [USDJPY] score=7.5 status=SIGNAL OPEN - MONITORING -> skip (Score 7.5 below minimum threshold 8)
2026-07-24 21:11:10,669 [INFO] [BTCUSD] score=3.5 status=NO TRADE -> skip (Score 3.5 below minimum threshold 8)
2026-07-24 21:12:14,243 [INFO] [XAUUSD] score=8.5 status=SIGNAL OPEN - MONITORING -> skip (Already at max positions (1) for XAUUSD)
2026-07-24 21:12:15,169 [INFO] [EURUSD] score=7.5 status=SIGNAL OPEN - MONITORING -> skip (Score 7.5 below minimum threshold 8)
2026-07-24 21:12:16,963 [INFO] [GBPUSD] score=0.5 status=NO TRADE -> skip (Score 0.5 below minimum threshold 8)
2026-07-24 21:12:17,985 [INFO] [USDJPY] score=7.5 status=SIGNAL OPEN - MONITORING -> skip (Score 7.5 below minimum threshold 8)
2026-07-24 21:12:19,148 [INFO] [BTCUSD] score=3.5 status=NO TRADE -> skip (Score 3.5 below minimum threshold 8)
2026-07-24 21:13:22,353 [INFO] [XAUUSD] score=8.5 status=SIGNAL OPEN - MONITORING -> skip (Already at max positions (1) for XAUUSD)
2026-07-24 21:13:23,415 [INFO] [EURUSD] score=7.5 status=SIGNAL OPEN - MONITORING -> skip (Score 7.5 below minimum threshold 8)
2026-07-24 21:13:24,272 [INFO] [GBPUSD] score=0.5 status=NO TRADE -> skip (Score 0.5 below minimum threshold 8)
2026-07-24 21:13:25,177 [INFO] [USDJPY] score=7.5 status=SIGNAL OPEN - MONITORING -> skip (Score 7.5 below minimum threshold 8)
2026-07-24 21:13:26,162 [INFO] [BTCUSD] score=3.5 status=NO TRADE -> skip (Score 3.5 below minimum threshold 8)
2026-07-24 21:14:29,279 [INFO] [XAUUSD] score=8.5 status=SIGNAL OPEN - MONITORING -> skip (Already at max positions (1) for XAUUSD)
2026-07-24 21:14:30,311 [INFO] [EURUSD] score=7.5 status=SIGNAL OPEN - MONITORING -> skip (Score 7.5 below minimum threshold 8)
2026-07-24 21:14:31,163 [INFO] [GBPUSD] score=0.5 status=NO TRADE -> skip (Score 0.5 below minimum threshold 8)
2026-07-24 21:14:32,173 [INFO] [USDJPY] score=7.5 status=SIGNAL OPEN - MONITORING -> skip (Score 7.5 below minimum threshold 8)
2026-07-24 21:14:33,286 [INFO] [BTCUSD] score=3.5 status=NO TRADE -> skip (Score 3.5 below minimum threshold 8)
2026-07-24 21:15:36,399 [INFO] [XAUUSD] score=8.5 status=SIGNAL OPEN - MONITORING -> skip (Already at max positions (1) for XAUUSD)
2026-07-24 21:15:37,291 [INFO] [EURUSD] score=7.5 status=SIGNAL OPEN - MONITORING -> skip (Score 7.5 below minimum threshold 8)
2026-07-24 21:15:38,183 [INFO] [GBPUSD] score=0.5 status=NO TRADE -> skip (Score 0.5 below minimum threshold 8)
2026-07-24 21:15:39,127 [INFO] [USDJPY] score=7.5 status=SIGNAL OPEN - MONITORING -> skip (Score 7.5 below minimum threshold 8)
2026-07-24 21:15:40,191 [INFO] [BTCUSD] score=3.5 status=NO TRADE -> skip (Score 3.5 below minimum threshold 8)
2026-07-24 21:16:43,703 [INFO] [XAUUSD] score=8.5 status=SIGNAL OPEN - MONITORING -> skip (Already at max positions (1) for XAUUSD)
2026-07-24 21:16:44,607 [INFO] [EURUSD] score=7.5 status=SIGNAL OPEN - MONITORING -> skip (Score 7.5 below minimum threshold 8)
2026-07-24 21:16:45,582 [INFO] [GBPUSD] score=0.5 status=NO TRADE -> skip (Score 0.5 below minimum threshold 8)
2026-07-24 21:16:46,701 [INFO] [USDJPY] score=7.5 status=SIGNAL OPEN - MONITORING -> skip (Score 7.5 below minimum threshold 8)
2026-07-24 21:16:48,135 [INFO] [BTCUSD] score=3.5 status=NO TRADE -> skip (Score 3.5 below minimum threshold 8)
2026-07-24 21:17:49,975 [INFO] [XAUUSD] score=8.5 status=SIGNAL OPEN - MONITORING -> skip (Already at max positions (1) for XAUUSD)
2026-07-24 21:17:50,827 [INFO] [EURUSD] score=7.5 status=SIGNAL OPEN - MONITORING -> skip (Score 7.5 below minimum threshold 8)
2026-07-24 21:17:51,596 [INFO] [GBPUSD] score=3.5 status=NO TRADE -> skip (Score 3.5 below minimum threshold 8)
2026-07-24 21:17:52,577 [INFO] [USDJPY] score=7.5 status=SIGNAL OPEN - MONITORING -> skip (Score 7.5 below minimum threshold 8)
2026-07-24 21:17:53,658 [INFO] [BTCUSD] score=3.5 status=NO TRADE -> skip (Score 3.5 below minimum threshold 8)
2026-07-24 21:18:55,605 [INFO] [XAUUSD] score=8.5 status=SIGNAL OPEN - MONITORING -> skip (Already at max positions (1) for XAUUSD)
2026-07-24 21:18:56,488 [INFO] [EURUSD] score=7.5 status=SIGNAL OPEN - MONITORING -> skip (Score 7.5 below minimum threshold 8)
2026-07-24 21:18:57,314 [INFO] [GBPUSD] score=0.5 status=NO TRADE -> skip (Score 0.5 below minimum threshold 8)
2026-07-24 21:18:58,386 [INFO] [USDJPY] score=7.5 status=SIGNAL OPEN - MONITORING -> skip (Score 7.5 below minimum threshold 8)
2026-07-24 21:18:59,972 [INFO] [BTCUSD] score=3.5 status=NO TRADE -> skip (Score 3.5 below minimum threshold 8)
2026-07-24 21:20:03,239 [INFO] [XAUUSD] score=8.5 status=SIGNAL OPEN - MONITORING -> skip (Already at max positions (1) for XAUUSD)
2026-07-24 21:20:04,255 [INFO] [EURUSD] score=7.5 status=SIGNAL OPEN - MONITORING -> skip (Score 7.5 below minimum threshold 8)
2026-07-24 21:20:05,085 [INFO] [GBPUSD] score=0.5 status=NO TRADE -> skip (Score 0.5 below minimum threshold 8)
2026-07-24 21:20:06,244 [INFO] [USDJPY] score=7.5 status=SIGNAL OPEN - MONITORING -> skip (Score 7.5 below minimum threshold 8)
2026-07-24 21:20:07,278 [INFO] [BTCUSD] score=3.5 status=NO TRADE -> skip (Score 3.5 below minimum threshold 8)
2026-07-24 21:21:10,733 [INFO] [XAUUSD] score=8.5 status=SIGNAL OPEN - MONITORING -> skip (Already at max positions (1) for XAUUSD)
2026-07-24 21:21:11,722 [INFO] [EURUSD] score=7.5 status=SIGNAL OPEN - MONITORING -> skip (Score 7.5 below minimum threshold 8)
2026-07-24 21:21:12,675 [INFO] [GBPUSD] score=3.5 status=NO TRADE -> skip (Score 3.5 below minimum threshold 8)
2026-07-24 21:21:13,931 [INFO] [USDJPY] score=7.5 status=SIGNAL OPEN - MONITORING -> skip (Score 7.5 below minimum threshold 8)
2026-07-24 21:21:15,230 [INFO] [BTCUSD] score=3.5 status=NO TRADE -> skip (Score 3.5 below minimum threshold 8)
2026-07-24 21:22:18,819 [INFO] [XAUUSD] score=8.5 status=SIGNAL OPEN - MONITORING -> skip (Already at max positions (1) for XAUUSD)
2026-07-24 21:22:19,788 [INFO] [EURUSD] score=7.5 status=SIGNAL OPEN - MONITORING -> skip (Score 7.5 below minimum threshold 8)
2026-07-24 21:22:20,600 [INFO] [GBPUSD] score=3.5 status=NO TRADE -> skip (Score 3.5 below minimum threshold 8)
2026-07-24 21:22:21,913 [INFO] [USDJPY] score=7.5 status=SIGNAL OPEN - MONITORING -> skip (Score 7.5 below minimum threshold 8)
2026-07-24 21:22:22,878 [INFO] [BTCUSD] score=3.5 status=NO TRADE -> skip (Score 3.5 below minimum threshold 8)
2026-07-24 21:23:26,595 [INFO] [XAUUSD] score=8.5 status=SIGNAL OPEN - MONITORING -> skip (Already at max positions (1) for XAUUSD)
2026-07-24 21:23:27,591 [INFO] [EURUSD] score=7.5 status=SIGNAL OPEN - MONITORING -> skip (Score 7.5 below minimum threshold 8)
2026-07-24 21:23:28,557 [INFO] [GBPUSD] score=3.5 status=NO TRADE -> skip (Score 3.5 below minimum threshold 8)
2026-07-24 21:23:29,471 [INFO] [USDJPY] score=7.5 status=SIGNAL OPEN - MONITORING -> skip (Score 7.5 below minimum threshold 8)
2026-07-24 21:23:30,525 [INFO] [BTCUSD] score=3.5 status=NO TRADE -> skip (Score 3.5 below minimum threshold 8)
2026-07-24 21:24:33,700 [INFO] [XAUUSD] score=8.5 status=SIGNAL OPEN - MONITORING -> skip (Already at max positions (1) for XAUUSD)
2026-07-24 21:24:34,747 [INFO] [EURUSD] score=7.5 status=SIGNAL OPEN - MONITORING -> skip (Score 7.5 below minimum threshold 8)
2026-07-24 21:24:35,818 [INFO] [GBPUSD] score=3.5 status=NO TRADE -> skip (Score 3.5 below minimum threshold 8)
2026-07-24 21:24:37,135 [INFO] [USDJPY] score=7.5 status=SIGNAL OPEN - MONITORING -> skip (Score 7.5 below minimum threshold 8)
2026-07-24 21:24:38,392 [INFO] [BTCUSD] score=3.5 status=NO TRADE -> skip (Score 3.5 below minimum threshold 8)
2026-07-24 21:25:41,637 [INFO] [XAUUSD] score=8.5 status=SIGNAL OPEN - MONITORING -> skip (Already at max positions (1) for XAUUSD)
2026-07-24 21:25:42,722 [INFO] [EURUSD] score=7.5 status=SIGNAL OPEN - MONITORING -> skip (Score 7.5 below minimum threshold 8)
2026-07-24 21:25:43,639 [INFO] [GBPUSD] score=3.5 status=NO TRADE -> skip (Score 3.5 below minimum threshold 8)
2026-07-24 21:25:44,625 [INFO] [USDJPY] score=7.5 status=SIGNAL OPEN - MONITORING -> skip (Score 7.5 below minimum threshold 8)
2026-07-24 21:25:46,858 [INFO] [BTCUSD] score=3.5 status=NO TRADE -> skip (Score 3.5 below minimum threshold 8)
2026-07-24 21:26:48,983 [INFO] [XAUUSD] score=8.5 status=SIGNAL OPEN - MONITORING -> skip (Already at max positions (1) for XAUUSD)
2026-07-24 21:26:50,755 [INFO] [EURUSD] score=7.5 status=SIGNAL OPEN - MONITORING -> skip (Score 7.5 below minimum threshold 8)
2026-07-24 21:26:51,658 [INFO] [GBPUSD] score=3.5 status=NO TRADE -> skip (Score 3.5 below minimum threshold 8)
2026-07-24 21:26:52,614 [INFO] [USDJPY] score=7.5 status=SIGNAL OPEN - MONITORING -> skip (Score 7.5 below minimum threshold 8)
2026-07-24 21:26:53,529 [INFO] [BTCUSD] score=3.5 status=NO TRADE -> skip (Score 3.5 below minimum threshold 8)
2026-07-24 21:27:55,522 [INFO] [XAUUSD] score=8.5 status=SIGNAL OPEN - MONITORING -> skip (Already at max positions (1) for XAUUSD)
2026-07-24 21:27:56,333 [INFO] [EURUSD] score=7.5 status=SIGNAL OPEN - MONITORING -> skip (Score 7.5 below minimum threshold 8)
2026-07-24 21:27:57,163 [INFO] [GBPUSD] score=3.5 status=NO TRADE -> skip (Score 3.5 below minimum threshold 8)
2026-07-24 21:27:58,124 [INFO] [USDJPY] score=7.5 status=SIGNAL OPEN - MONITORING -> skip (Score 7.5 below minimum threshold 8)
2026-07-24 21:27:59,167 [INFO] [BTCUSD] score=3.5 status=NO TRADE -> skip (Score 3.5 below minimum threshold 8)
2026-07-24 21:29:01,044 [INFO] [XAUUSD] score=8.5 status=SIGNAL OPEN - MONITORING -> skip (Already at max positions (1) for XAUUSD)
2026-07-24 21:29:01,815 [INFO] [EURUSD] score=7.5 status=SIGNAL OPEN - MONITORING -> skip (Score 7.5 below minimum threshold 8)
2026-07-24 21:29:02,608 [INFO] [GBPUSD] score=3.5 status=NO TRADE -> skip (Score 3.5 below minimum threshold 8)
2026-07-24 21:29:03,553 [INFO] [USDJPY] score=7.5 status=SIGNAL OPEN - MONITORING -> skip (Score 7.5 below minimum threshold 8)
2026-07-24 21:29:04,757 [INFO] [BTCUSD] score=3.5 status=NO TRADE -> skip (Score 3.5 below minimum threshold 8)
2026-07-24 21:30:08,454 [INFO] [XAUUSD] score=8.5 status=SIGNAL OPEN - MONITORING -> skip (Already at max positions (1) for XAUUSD)
2026-07-24 21:30:09,502 [INFO] [EURUSD] score=7.5 status=SIGNAL OPEN - MONITORING -> skip (Score 7.5 below minimum threshold 8)
2026-07-24 21:30:10,411 [INFO] [GBPUSD] score=3.5 status=NO TRADE -> skip (Score 3.5 below minimum threshold 8)
2026-07-24 21:30:11,373 [INFO] [USDJPY] score=7.5 status=SIGNAL OPEN - MONITORING -> skip (Score 7.5 below minimum threshold 8)
2026-07-24 21:30:12,633 [INFO] [BTCUSD] score=3.5 status=NO TRADE -> skip (Score 3.5 below minimum threshold 8)
2026-07-24 21:31:15,836 [INFO] [XAUUSD] score=8.5 status=SIGNAL OPEN - MONITORING -> skip (Already at max positions (1) for XAUUSD)
2026-07-24 21:31:16,878 [INFO] [EURUSD] score=7.5 status=SIGNAL OPEN - MONITORING -> skip (Score 7.5 below minimum threshold 8)
2026-07-24 21:31:17,742 [INFO] [GBPUSD] score=3.5 status=NO TRADE -> skip (Score 3.5 below minimum threshold 8)
2026-07-24 21:31:18,727 [INFO] [USDJPY] score=7.5 status=SIGNAL OPEN - MONITORING -> skip (Score 7.5 below minimum threshold 8)
2026-07-24 21:31:19,709 [INFO] [BTCUSD] score=3.5 status=NO TRADE -> skip (Score 3.5 below minimum threshold 8)
2026-07-24 21:32:22,854 [INFO] [XAUUSD] score=8.5 status=SIGNAL OPEN - MONITORING -> skip (Already at max positions (1) for XAUUSD)
2026-07-24 21:32:23,713 [INFO] [EURUSD] score=7.5 status=SIGNAL OPEN - MONITORING -> skip (Score 7.5 below minimum threshold 8)
2026-07-24 21:32:24,511 [INFO] [GBPUSD] score=3.5 status=NO TRADE -> skip (Score 3.5 below minimum threshold 8)
2026-07-24 21:32:25,467 [INFO] [USDJPY] score=7.5 status=SIGNAL OPEN - MONITORING -> skip (Score 7.5 below minimum threshold 8)
2026-07-24 21:32:26,405 [INFO] [BTCUSD] score=3.5 status=NO TRADE -> skip (Score 3.5 below minimum threshold 8)
2026-07-24 21:33:29,533 [INFO] [XAUUSD] score=8.5 status=SIGNAL OPEN - MONITORING -> skip (Already at max positions (1) for XAUUSD)
2026-07-24 21:33:30,419 [INFO] [EURUSD] score=7.5 status=SIGNAL OPEN - MONITORING -> skip (Score 7.5 below minimum threshold 8)
2026-07-24 21:33:31,270 [INFO] [GBPUSD] score=3.5 status=NO TRADE -> skip (Score 3.5 below minimum threshold 8)
2026-07-24 21:33:32,144 [INFO] [USDJPY] score=7.5 status=SIGNAL OPEN - MONITORING -> skip (Score 7.5 below minimum threshold 8)
2026-07-24 21:33:33,110 [INFO] [BTCUSD] score=3.5 status=NO TRADE -> skip (Score 3.5 below minimum threshold 8)
2026-07-24 21:34:36,405 [INFO] [XAUUSD] score=8.5 status=SIGNAL OPEN - MONITORING -> skip (Already at max positions (1) for XAUUSD)
2026-07-24 21:34:37,492 [INFO] [EURUSD] score=7.5 status=SIGNAL OPEN - MONITORING -> skip (Score 7.5 below minimum threshold 8)
2026-07-24 21:34:38,422 [INFO] [GBPUSD] score=3.5 status=NO TRADE -> skip (Score 3.5 below minimum threshold 8)
2026-07-24 21:34:39,439 [INFO] [USDJPY] score=7.5 status=SIGNAL OPEN - MONITORING -> skip (Score 7.5 below minimum threshold 8)
2026-07-24 21:34:40,487 [INFO] [BTCUSD] score=3.5 status=NO TRADE -> skip (Score 3.5 below minimum threshold 8)
2026-07-24 21:35:43,616 [INFO] [XAUUSD] score=8.5 status=SIGNAL OPEN - MONITORING -> skip (Already at max positions (1) for XAUUSD)
2026-07-24 21:35:44,957 [INFO] [EURUSD] score=7.5 status=SIGNAL OPEN - MONITORING -> skip (Score 7.5 below minimum threshold 8)
2026-07-24 21:35:45,739 [INFO] [GBPUSD] score=3.5 status=NO TRADE -> skip (Score 3.5 below minimum threshold 8)
2026-07-24 21:35:46,804 [INFO] [USDJPY] score=7.5 status=SIGNAL OPEN - MONITORING -> skip (Score 7.5 below minimum threshold 8)
2026-07-24 21:35:48,044 [INFO] [BTCUSD] score=3.5 status=NO TRADE -> skip (Score 3.5 below minimum threshold 8)
2026-07-24 21:36:49,952 [INFO] [XAUUSD] score=8.5 status=SIGNAL OPEN - MONITORING -> skip (Already at max positions (1) for XAUUSD)
2026-07-24 21:36:51,170 [INFO] [EURUSD] score=7.5 status=SIGNAL OPEN - MONITORING -> skip (Score 7.5 below minimum threshold 8)
2026-07-24 21:36:52,035 [INFO] [GBPUSD] score=3.5 status=NO TRADE -> skip (Score 3.5 below minimum threshold 8)
2026-07-24 21:36:52,950 [INFO] [USDJPY] score=7.5 status=SIGNAL OPEN - MONITORING -> skip (Score 7.5 below minimum threshold 8)
2026-07-24 21:36:53,920 [INFO] [BTCUSD] score=3.5 status=NO TRADE -> skip (Score 3.5 below minimum threshold 8)
2026-07-24 21:37:56,228 [INFO] [XAUUSD] score=8.5 status=SIGNAL OPEN - MONITORING -> skip (Already at max positions (1) for XAUUSD)
2026-07-24 21:37:57,016 [INFO] [EURUSD] score=7.5 status=SIGNAL OPEN - MONITORING -> skip (Score 7.5 below minimum threshold 8)
2026-07-24 21:37:57,900 [INFO] [GBPUSD] score=3.5 status=NO TRADE -> skip (Score 3.5 below minimum threshold 8)
2026-07-24 21:37:58,902 [INFO] [USDJPY] score=7.5 status=SIGNAL OPEN - MONITORING -> skip (Score 7.5 below minimum threshold 8)
2026-07-24 21:37:59,979 [INFO] [BTCUSD] score=3.5 status=NO TRADE -> skip (Score 3.5 below minimum threshold 8)
2026-07-24 21:39:03,207 [INFO] [XAUUSD] score=8.5 status=SIGNAL OPEN - MONITORING -> skip (Already at max positions (1) for XAUUSD)
2026-07-24 21:39:04,204 [INFO] [EURUSD] score=7.5 status=SIGNAL OPEN - MONITORING -> skip (Score 7.5 below minimum threshold 8)
2026-07-24 21:39:05,336 [INFO] [GBPUSD] score=3.5 status=NO TRADE -> skip (Score 3.5 below minimum threshold 8)
2026-07-24 21:39:06,313 [INFO] [USDJPY] score=7.5 status=SIGNAL OPEN - MONITORING -> skip (Score 7.5 below minimum threshold 8)
2026-07-24 21:39:07,430 [INFO] [BTCUSD] score=3.5 status=NO TRADE -> skip (Score 3.5 below minimum threshold 8)
2026-07-24 21:40:10,994 [INFO] [XAUUSD] score=8.5 status=SIGNAL OPEN - MONITORING -> skip (Already at max positions (1) for XAUUSD)
2026-07-24 21:40:12,001 [INFO] [EURUSD] score=7.5 status=SIGNAL OPEN - MONITORING -> skip (Score 7.5 below minimum threshold 8)
2026-07-24 21:40:13,227 [INFO] [GBPUSD] score=3.5 status=NO TRADE -> skip (Score 3.5 below minimum threshold 8)
2026-07-24 21:40:14,752 [INFO] [USDJPY] score=7.5 status=SIGNAL OPEN - MONITORING -> skip (Score 7.5 below minimum threshold 8)
2026-07-24 21:40:15,922 [INFO] [BTCUSD] score=3.5 status=NO TRADE -> skip (Score 3.5 below minimum threshold 8)
2026-07-24 21:41:19,190 [INFO] [XAUUSD] score=8.5 status=SIGNAL OPEN - MONITORING -> skip (Already at max positions (1) for XAUUSD)
2026-07-24 21:41:20,253 [INFO] [EURUSD] score=7.5 status=SIGNAL OPEN - MONITORING -> skip (Score 7.5 below minimum threshold 8)
2026-07-24 21:41:21,209 [INFO] [GBPUSD] score=0.5 status=NO TRADE -> skip (Score 0.5 below minimum threshold 8)
2026-07-24 21:41:22,182 [INFO] [USDJPY] score=7.5 status=SIGNAL OPEN - MONITORING -> skip (Score 7.5 below minimum threshold 8)
2026-07-24 21:41:23,333 [INFO] [BTCUSD] score=3.5 status=NO TRADE -> skip (Score 3.5 below minimum threshold 8)
2026-07-24 21:42:26,419 [INFO] [XAUUSD] score=8.5 status=SIGNAL OPEN - MONITORING -> skip (Already at max positions (1) for XAUUSD)
2026-07-24 21:42:27,293 [INFO] [EURUSD] score=7.5 status=SIGNAL OPEN - MONITORING -> skip (Score 7.5 below minimum threshold 8)
2026-07-24 21:42:28,191 [INFO] [GBPUSD] score=3.5 status=NO TRADE -> skip (Score 3.5 below minimum threshold 8)
2026-07-24 21:42:29,151 [INFO] [USDJPY] score=7.5 status=SIGNAL OPEN - MONITORING -> skip (Score 7.5 below minimum threshold 8)
2026-07-24 21:42:30,125 [INFO] [BTCUSD] score=3.5 status=NO TRADE -> skip (Score 3.5 below minimum threshold 8)
2026-07-24 21:43:33,246 [INFO] [XAUUSD] score=8.5 status=SIGNAL OPEN - MONITORING -> skip (Already at max positions (1) for XAUUSD)
2026-07-24 21:43:34,270 [INFO] [EURUSD] score=7.5 status=SIGNAL OPEN - MONITORING -> skip (Score 7.5 below minimum threshold 8)
2026-07-24 21:43:35,189 [INFO] [GBPUSD] score=3.5 status=NO TRADE -> skip (Score 3.5 below minimum threshold 8)
2026-07-24 21:43:36,134 [INFO] [USDJPY] score=7.5 status=SIGNAL OPEN - MONITORING -> skip (Score 7.5 below minimum threshold 8)
2026-07-24 21:43:37,129 [INFO] [BTCUSD] score=3.5 status=NO TRADE -> skip (Score 3.5 below minimum threshold 8)
2026-07-24 21:44:40,518 [INFO] [XAUUSD] score=8.5 status=SIGNAL OPEN - MONITORING -> skip (Already at max positions (1) for XAUUSD)
2026-07-24 21:44:41,429 [INFO] [EURUSD] score=7.5 status=SIGNAL OPEN - MONITORING -> skip (Score 7.5 below minimum threshold 8)
2026-07-24 21:44:42,494 [INFO] [GBPUSD] score=0.5 status=NO TRADE -> skip (Score 0.5 below minimum threshold 8)
2026-07-24 21:44:43,534 [INFO] [USDJPY] score=7.5 status=SIGNAL OPEN - MONITORING -> skip (Score 7.5 below minimum threshold 8)
2026-07-24 21:44:44,835 [INFO] [BTCUSD] score=3.5 status=NO TRADE -> skip (Score 3.5 below minimum threshold 8)
2026-07-24 21:45:46,833 [INFO] [XAUUSD] score=8.5 status=SIGNAL OPEN - MONITORING -> skip (Already at max positions (1) for XAUUSD)
2026-07-24 21:45:48,809 [INFO] [EURUSD] score=7.5 status=SIGNAL OPEN - MONITORING -> skip (Score 7.5 below minimum threshold 8)
2026-07-24 21:45:49,597 [INFO] [GBPUSD] score=0.5 status=NO TRADE -> skip (Score 0.5 below minimum threshold 8)
2026-07-24 21:45:50,528 [INFO] [USDJPY] score=7.5 status=SIGNAL OPEN - MONITORING -> skip (Score 7.5 below minimum threshold 8)
2026-07-24 21:45:51,509 [INFO] [BTCUSD] score=3.5 status=NO TRADE -> skip (Score 3.5 below minimum threshold 8)
2026-07-24 21:46:53,644 [INFO] [XAUUSD] score=8.5 status=SIGNAL OPEN - MONITORING -> skip (Already at max positions (1) for XAUUSD)
2026-07-24 21:46:54,457 [INFO] [EURUSD] score=7.5 status=SIGNAL OPEN - MONITORING -> skip (Score 7.5 below minimum threshold 8)
2026-07-24 21:46:55,342 [INFO] [GBPUSD] score=0.5 status=NO TRADE -> skip (Score 0.5 below minimum threshold 8)
2026-07-24 21:46:56,575 [INFO] [USDJPY] score=7.5 status=SIGNAL OPEN - MONITORING -> skip (Score 7.5 below minimum threshold 8)
2026-07-24 21:46:57,512 [INFO] [BTCUSD] score=3.5 status=NO TRADE -> skip (Score 3.5 below minimum threshold 8)
2026-07-24 21:47:59,619 [INFO] [XAUUSD] score=8.5 status=SIGNAL OPEN - MONITORING -> skip (Already at max positions (1) for XAUUSD)
2026-07-24 21:48:00,464 [INFO] [EURUSD] score=7.5 status=SIGNAL OPEN - MONITORING -> skip (Score 7.5 below minimum threshold 8)
2026-07-24 21:48:01,212 [INFO] [GBPUSD] score=0.5 status=NO TRADE -> skip (Score 0.5 below minimum threshold 8)
2026-07-24 21:48:02,223 [INFO] [USDJPY] score=7.5 status=SIGNAL OPEN - MONITORING -> skip (Score 7.5 below minimum threshold 8)
2026-07-24 21:48:03,096 [INFO] [BTCUSD] score=3.5 status=NO TRADE -> skip (Score 3.5 below minimum threshold 8)
2026-07-24 21:49:06,445 [INFO] [XAUUSD] score=8.5 status=SIGNAL OPEN - MONITORING -> skip (Already at max positions (1) for XAUUSD)
2026-07-24 21:49:07,847 [INFO] [EURUSD] score=7.5 status=SIGNAL OPEN - MONITORING -> skip (Score 7.5 below minimum threshold 8)
2026-07-24 21:49:08,964 [INFO] [GBPUSD] score=0.5 status=NO TRADE -> skip (Score 0.5 below minimum threshold 8)
2026-07-24 21:49:10,305 [INFO] [USDJPY] score=7.5 status=SIGNAL OPEN - MONITORING -> skip (Score 7.5 below minimum threshold 8)
2026-07-24 21:49:11,335 [INFO] [BTCUSD] score=3.5 status=NO TRADE -> skip (Score 3.5 below minimum threshold 8)
2026-07-24 21:50:14,451 [INFO] [XAUUSD] score=8.5 status=SIGNAL OPEN - MONITORING -> skip (Already at max positions (1) for XAUUSD)
2026-07-24 21:50:15,298 [INFO] [EURUSD] score=7.5 status=SIGNAL OPEN - MONITORING -> skip (Score 7.5 below minimum threshold 8)
2026-07-24 21:50:16,104 [INFO] [GBPUSD] score=0.5 status=NO TRADE -> skip (Score 0.5 below minimum threshold 8)
2026-07-24 21:50:17,174 [INFO] [USDJPY] score=7.5 status=SIGNAL OPEN - MONITORING -> skip (Score 7.5 below minimum threshold 8)
2026-07-24 21:50:18,309 [INFO] [BTCUSD] score=3.5 status=NO TRADE -> skip (Score 3.5 below minimum threshold 8)
2026-07-24 21:51:21,623 [INFO] [XAUUSD] score=8.5 status=SIGNAL OPEN - MONITORING -> skip (Already at max positions (1) for XAUUSD)
2026-07-24 21:51:22,464 [INFO] [EURUSD] score=7.5 status=SIGNAL OPEN - MONITORING -> skip (Score 7.5 below minimum threshold 8)
2026-07-24 21:51:23,255 [INFO] [GBPUSD] score=0.5 status=NO TRADE -> skip (Score 0.5 below minimum threshold 8)
2026-07-24 21:51:24,118 [INFO] [USDJPY] score=7.5 status=SIGNAL OPEN - MONITORING -> skip (Score 7.5 below minimum threshold 8)
2026-07-24 21:51:25,101 [INFO] [BTCUSD] score=3.5 status=NO TRADE -> skip (Score 3.5 below minimum threshold 8)
2026-07-24 21:52:28,221 [INFO] [XAUUSD] score=8.5 status=SIGNAL OPEN - MONITORING -> skip (Already at max positions (1) for XAUUSD)
2026-07-24 21:52:29,382 [INFO] [EURUSD] score=7.5 status=SIGNAL OPEN - MONITORING -> skip (Score 7.5 below minimum threshold 8)
2026-07-24 21:52:30,234 [INFO] [GBPUSD] score=0.5 status=NO TRADE -> skip (Score 0.5 below minimum threshold 8)
2026-07-24 21:52:31,083 [INFO] [USDJPY] score=7.5 status=SIGNAL OPEN - MONITORING -> skip (Score 7.5 below minimum threshold 8)
2026-07-24 21:52:32,088 [INFO] [BTCUSD] score=3.5 status=NO TRADE -> skip (Score 3.5 below minimum threshold 8)
2026-07-24 21:53:35,252 [INFO] [XAUUSD] score=8.5 status=SIGNAL OPEN - MONITORING -> skip (Already at max positions (1) for XAUUSD)
2026-07-24 21:53:36,218 [INFO] [EURUSD] score=7.5 status=SIGNAL OPEN - MONITORING -> skip (Score 7.5 below minimum threshold 8)
2026-07-24 21:53:37,155 [INFO] [GBPUSD] score=0.5 status=NO TRADE -> skip (Score 0.5 below minimum threshold 8)
2026-07-24 21:53:38,127 [INFO] [USDJPY] score=7.5 status=SIGNAL OPEN - MONITORING -> skip (Score 7.5 below minimum threshold 8)
2026-07-24 21:53:39,135 [INFO] [BTCUSD] score=3.5 status=NO TRADE -> skip (Score 3.5 below minimum threshold 8)
2026-07-24 21:54:42,331 [INFO] [XAUUSD] score=8.5 status=SIGNAL OPEN - MONITORING -> skip (Already at max positions (1) for XAUUSD)
2026-07-24 21:54:43,523 [INFO] [EURUSD] score=7.5 status=SIGNAL OPEN - MONITORING -> skip (Score 7.5 below minimum threshold 8)
2026-07-24 21:54:44,228 [INFO] [GBPUSD] score=0.5 status=NO TRADE -> skip (Score 0.5 below minimum threshold 8)
2026-07-24 21:54:45,105 [INFO] [USDJPY] score=7.5 status=SIGNAL OPEN - MONITORING -> skip (Score 7.5 below minimum threshold 8)
2026-07-24 21:54:46,239 [INFO] [BTCUSD] score=3.5 status=NO TRADE -> skip (Score 3.5 below minimum threshold 8)
2026-07-24 21:55:48,191 [INFO] [XAUUSD] score=8.5 status=SIGNAL OPEN - MONITORING -> skip (Already at max positions (1) for XAUUSD)
2026-07-24 21:55:49,044 [INFO] [EURUSD] score=7.5 status=SIGNAL OPEN - MONITORING -> skip (Score 7.5 below minimum threshold 8)
2026-07-24 21:55:50,210 [INFO] [GBPUSD] score=3.5 status=NO TRADE -> skip (Score 3.5 below minimum threshold 8)
2026-07-24 21:55:51,143 [INFO] [USDJPY] score=7.5 status=SIGNAL OPEN - MONITORING -> skip (Score 7.5 below minimum threshold 8)
2026-07-24 21:55:52,104 [INFO] [BTCUSD] score=3.5 status=NO TRADE -> skip (Score 3.5 below minimum threshold 8)
2026-07-24 21:56:54,048 [INFO] [XAUUSD] score=8.5 status=SIGNAL OPEN - MONITORING -> skip (Already at max positions (1) for XAUUSD)
2026-07-24 21:56:54,911 [INFO] [EURUSD] score=7.5 status=SIGNAL OPEN - MONITORING -> skip (Score 7.5 below minimum threshold 8)
2026-07-24 21:56:55,803 [INFO] [GBPUSD] score=3.5 status=NO TRADE -> skip (Score 3.5 below minimum threshold 8)
2026-07-24 21:56:56,819 [INFO] [USDJPY] score=7.5 status=SIGNAL OPEN - MONITORING -> skip (Score 7.5 below minimum threshold 8)
2026-07-24 21:56:58,348 [INFO] [BTCUSD] score=3.5 status=NO TRADE -> skip (Score 3.5 below minimum threshold 8)
2026-07-24 21:58:00,344 [INFO] [XAUUSD] score=8.5 status=SIGNAL OPEN - MONITORING -> skip (Already at max positions (1) for XAUUSD)
2026-07-24 21:58:01,244 [INFO] [EURUSD] score=7.5 status=SIGNAL OPEN - MONITORING -> skip (Score 7.5 below minimum threshold 8)
2026-07-24 21:58:02,046 [INFO] [GBPUSD] score=3.5 status=NO TRADE -> skip (Score 3.5 below minimum threshold 8)
2026-07-24 21:58:03,131 [INFO] [USDJPY] score=7.5 status=SIGNAL OPEN - MONITORING -> skip (Score 7.5 below minimum threshold 8)
2026-07-24 21:58:04,268 [INFO] [BTCUSD] score=3.5 status=NO TRADE -> skip (Score 3.5 below minimum threshold 8)
2026-07-24 21:59:07,421 [INFO] [XAUUSD] score=8.5 status=SIGNAL OPEN - MONITORING -> skip (Already at max positions (1) for XAUUSD)
2026-07-24 21:59:08,313 [INFO] [EURUSD] score=7.5 status=SIGNAL OPEN - MONITORING -> skip (Score 7.5 below minimum threshold 8)
2026-07-24 21:59:09,198 [INFO] [GBPUSD] score=3.5 status=NO TRADE -> skip (Score 3.5 below minimum threshold 8)
2026-07-24 21:59:10,210 [INFO] [USDJPY] score=7.5 status=SIGNAL OPEN - MONITORING -> skip (Score 7.5 below minimum threshold 8)
2026-07-24 21:59:11,408 [INFO] [BTCUSD] score=3.5 status=NO TRADE -> skip (Score 3.5 below minimum threshold 8)
2026-07-24 22:00:14,565 [INFO] [XAUUSD] score=8.5 status=SIGNAL OPEN - MONITORING -> skip (Already at max positions (1) for XAUUSD)
2026-07-24 22:00:15,511 [INFO] [EURUSD] score=7.5 status=SIGNAL OPEN - MONITORING -> skip (Score 7.5 below minimum threshold 8)
2026-07-24 22:00:16,441 [INFO] [GBPUSD] score=3.5 status=NO TRADE -> skip (Score 3.5 below minimum threshold 8)
2026-07-24 22:00:17,404 [INFO] [USDJPY] score=7.5 status=SIGNAL OPEN - MONITORING -> skip (Score 7.5 below minimum threshold 8)
2026-07-24 22:00:18,623 [INFO] [BTCUSD] score=3.5 status=NO TRADE -> skip (Score 3.5 below minimum threshold 8)
2026-07-24 22:01:21,752 [INFO] [XAUUSD] score=8.5 status=SIGNAL OPEN - MONITORING -> skip (Already at max positions (1) for XAUUSD)
2026-07-24 22:01:22,616 [INFO] [EURUSD] score=7.5 status=SIGNAL OPEN - MONITORING -> skip (Score 7.5 below minimum threshold 8)
2026-07-24 22:01:23,423 [INFO] [GBPUSD] score=0.5 status=NO TRADE -> skip (Score 0.5 below minimum threshold 8)
2026-07-24 22:01:24,331 [INFO] [USDJPY] score=7.5 status=SIGNAL OPEN - MONITORING -> skip (Score 7.5 below minimum threshold 8)
2026-07-24 22:01:25,451 [INFO] [BTCUSD] score=3.5 status=NO TRADE -> skip (Score 3.5 below minimum threshold 8)
2026-07-24 22:02:28,638 [INFO] [XAUUSD] score=8.5 status=SIGNAL OPEN - MONITORING -> skip (Already at max positions (1) for XAUUSD)
2026-07-24 22:02:29,625 [INFO] [EURUSD] score=7.5 status=SIGNAL OPEN - MONITORING -> skip (Score 7.5 below minimum threshold 8)
2026-07-24 22:02:30,628 [INFO] [GBPUSD] score=3.5 status=NO TRADE -> skip (Score 3.5 below minimum threshold 8)
2026-07-24 22:02:31,652 [INFO] [USDJPY] score=7.5 status=SIGNAL OPEN - MONITORING -> skip (Score 7.5 below minimum threshold 8)
2026-07-24 22:02:32,640 [INFO] [BTCUSD] score=3.5 status=NO TRADE -> skip (Score 3.5 below minimum threshold 8)
2026-07-24 22:03:35,733 [INFO] [XAUUSD] score=8.5 status=SIGNAL OPEN - MONITORING -> skip (Already at max positions (1) for XAUUSD)
2026-07-24 22:03:36,741 [INFO] [EURUSD] score=7.5 status=SIGNAL OPEN - MONITORING -> skip (Score 7.5 below minimum threshold 8)
2026-07-24 22:03:37,796 [INFO] [GBPUSD] score=3.5 status=NO TRADE -> skip (Score 3.5 below minimum threshold 8)
2026-07-24 22:03:38,735 [INFO] [USDJPY] score=7.5 status=SIGNAL OPEN - MONITORING -> skip (Score 7.5 below minimum threshold 8)
2026-07-24 22:03:39,809 [INFO] [BTCUSD] score=3.5 status=NO TRADE -> skip (Score 3.5 below minimum threshold 8)
2026-07-24 22:04:42,957 [INFO] [XAUUSD] score=8.5 status=SIGNAL OPEN - MONITORING -> skip (Already at max positions (1) for XAUUSD)
2026-07-24 22:04:43,804 [INFO] [EURUSD] score=7.5 status=SIGNAL OPEN - MONITORING -> skip (Score 7.5 below minimum threshold 8)
2026-07-24 22:04:45,264 [INFO] [GBPUSD] score=3.5 status=NO TRADE -> skip (Score 3.5 below minimum threshold 8)
2026-07-24 22:04:46,157 [INFO] [USDJPY] score=7.5 status=SIGNAL OPEN - MONITORING -> skip (Score 7.5 below minimum threshold 8)
2026-07-24 22:04:48,052 [INFO] [BTCUSD] score=3.5 status=NO TRADE -> skip (Score 3.5 below minimum threshold 8)
2026-07-24 22:05:50,260 [INFO] [XAUUSD] score=8.5 status=SIGNAL OPEN - MONITORING -> skip (Already at max positions (1) for XAUUSD)
2026-07-24 22:05:51,431 [INFO] [EURUSD] score=7.5 status=SIGNAL OPEN - MONITORING -> skip (Score 7.5 below minimum threshold 8)
2026-07-24 22:05:52,123 [INFO] [GBPUSD] score=3.5 status=NO TRADE -> skip (Score 3.5 below minimum threshold 8)
2026-07-24 22:05:53,039 [INFO] [USDJPY] score=7.5 status=SIGNAL OPEN - MONITORING -> skip (Score 7.5 below minimum threshold 8)
2026-07-24 22:05:53,927 [INFO] [BTCUSD] score=3.5 status=NO TRADE -> skip (Score 3.5 below minimum threshold 8)
2026-07-24 22:06:56,140 [INFO] [XAUUSD] score=8.5 status=SIGNAL OPEN - MONITORING -> skip (Already at max positions (1) for XAUUSD)
2026-07-24 22:06:57,011 [INFO] [EURUSD] score=7.5 status=SIGNAL OPEN - MONITORING -> skip (Score 7.5 below minimum threshold 8)
2026-07-24 22:06:58,120 [INFO] [GBPUSD] score=3.5 status=NO TRADE -> skip (Score 3.5 below minimum threshold 8)
2026-07-24 22:06:59,125 [INFO] [USDJPY] score=7.5 status=SIGNAL OPEN - MONITORING -> skip (Score 7.5 below minimum threshold 8)
2026-07-24 22:07:00,228 [INFO] [BTCUSD] score=3.5 status=NO TRADE -> skip (Score 3.5 below minimum threshold 8)
2026-07-24 22:08:03,429 [INFO] [XAUUSD] score=8.5 status=SIGNAL OPEN - MONITORING -> skip (Already at max positions (1) for XAUUSD)
2026-07-24 22:08:04,349 [INFO] [EURUSD] score=7.5 status=SIGNAL OPEN - MONITORING -> skip (Score 7.5 below minimum threshold 8)
2026-07-24 22:08:05,274 [INFO] [GBPUSD] score=3.5 status=NO TRADE -> skip (Score 3.5 below minimum threshold 8)
2026-07-24 22:08:06,206 [INFO] [USDJPY] score=7.5 status=SIGNAL OPEN - MONITORING -> skip (Score 7.5 below minimum threshold 8)
2026-07-24 22:08:07,329 [INFO] [BTCUSD] score=3.5 status=NO TRADE -> skip (Score 3.5 below minimum threshold 8)
2026-07-24 22:09:10,438 [INFO] [XAUUSD] score=8.5 status=SIGNAL OPEN - MONITORING -> skip (Already at max positions (1) for XAUUSD)
2026-07-24 22:09:11,362 [INFO] [EURUSD] score=7.5 status=SIGNAL OPEN - MONITORING -> skip (Score 7.5 below minimum threshold 8)
2026-07-24 22:09:12,247 [INFO] [GBPUSD] score=3.5 status=NO TRADE -> skip (Score 3.5 below minimum threshold 8)
2026-07-24 22:09:13,129 [INFO] [USDJPY] score=7.5 status=SIGNAL OPEN - MONITORING -> skip (Score 7.5 below minimum threshold 8)
2026-07-24 22:09:14,126 [INFO] [BTCUSD] score=3.5 status=NO TRADE -> skip (Score 3.5 below minimum threshold 8)
2026-07-24 22:10:17,669 [INFO] [XAUUSD] score=8.5 status=SIGNAL OPEN - MONITORING -> skip (Already at max positions (1) for XAUUSD)
2026-07-24 22:10:18,726 [INFO] [EURUSD] score=7.5 status=SIGNAL OPEN - MONITORING -> skip (Score 7.5 below minimum threshold 8)
2026-07-24 22:10:19,948 [INFO] [GBPUSD] score=3.5 status=NO TRADE -> skip (Score 3.5 below minimum threshold 8)
2026-07-24 22:10:20,924 [INFO] [USDJPY] score=7.5 status=SIGNAL OPEN - MONITORING -> skip (Score 7.5 below minimum threshold 8)
2026-07-24 22:10:22,027 [INFO] [BTCUSD] score=3.5 status=NO TRADE -> skip (Score 3.5 below minimum threshold 8)
2026-07-24 22:11:25,378 [INFO] [XAUUSD] score=8.5 status=SIGNAL OPEN - MONITORING -> skip (Already at max positions (1) for XAUUSD)
2026-07-24 22:11:26,519 [INFO] [EURUSD] score=7.5 status=SIGNAL OPEN - MONITORING -> skip (Score 7.5 below minimum threshold 8)
2026-07-24 22:11:27,974 [INFO] [GBPUSD] score=3.5 status=NO TRADE -> skip (Score 3.5 below minimum threshold 8)
2026-07-24 22:11:29,004 [INFO] [USDJPY] score=7.5 status=SIGNAL OPEN - MONITORING -> skip (Score 7.5 below minimum threshold 8)
2026-07-24 22:11:30,042 [INFO] [BTCUSD] score=3.5 status=NO TRADE -> skip (Score 3.5 below minimum threshold 8)
2026-07-24 22:12:33,134 [INFO] [XAUUSD] score=8.5 status=SIGNAL OPEN - MONITORING -> skip (Already at max positions (1) for XAUUSD)
2026-07-24 22:12:34,127 [INFO] [EURUSD] score=7.5 status=SIGNAL OPEN - MONITORING -> skip (Score 7.5 below minimum threshold 8)
2026-07-24 22:12:34,973 [INFO] [GBPUSD] score=3.5 status=NO TRADE -> skip (Score 3.5 below minimum threshold 8)
2026-07-24 22:12:35,934 [INFO] [USDJPY] score=7.5 status=SIGNAL OPEN - MONITORING -> skip (Score 7.5 below minimum threshold 8)
2026-07-24 22:12:37,039 [INFO] [BTCUSD] score=3.5 status=NO TRADE -> skip (Score 3.5 below minimum threshold 8)
2026-07-24 22:13:40,240 [INFO] [XAUUSD] score=8.5 status=SIGNAL OPEN - MONITORING -> skip (Already at max positions (1) for XAUUSD)
2026-07-24 22:13:41,119 [INFO] [EURUSD] score=7.5 status=SIGNAL OPEN - MONITORING -> skip (Score 7.5 below minimum threshold 8)
2026-07-24 22:13:42,352 [INFO] [GBPUSD] score=3.5 status=NO TRADE -> skip (Score 3.5 below minimum threshold 8)
2026-07-24 22:13:43,338 [INFO] [USDJPY] score=7.5 status=SIGNAL OPEN - MONITORING -> skip (Score 7.5 below minimum threshold 8)
2026-07-24 22:13:46,047 [INFO] [BTCUSD] score=3.5 status=NO TRADE -> skip (Score 3.5 below minimum threshold 8)
2026-07-24 22:14:48,220 [INFO] [XAUUSD] score=8.5 status=SIGNAL OPEN - MONITORING -> skip (Already at max positions (1) for XAUUSD)
2026-07-24 22:14:48,998 [INFO] [EURUSD] score=7.5 status=SIGNAL OPEN - MONITORING -> skip (Score 7.5 below minimum threshold 8)
2026-07-24 22:14:49,810 [INFO] [GBPUSD] score=3.5 status=NO TRADE -> skip (Score 3.5 below minimum threshold 8)
2026-07-24 22:14:50,732 [INFO] [USDJPY] score=7.5 status=SIGNAL OPEN - MONITORING -> skip (Score 7.5 below minimum threshold 8)
2026-07-24 22:14:51,848 [INFO] [BTCUSD] score=3.5 status=NO TRADE -> skip (Score 3.5 below minimum threshold 8)
2026-07-24 22:15:53,833 [INFO] [XAUUSD] score=8.5 status=SIGNAL OPEN - MONITORING -> skip (Already at max positions (1) for XAUUSD)
2026-07-24 22:15:54,741 [INFO] [EURUSD] score=7.5 status=SIGNAL OPEN - MONITORING -> skip (Score 7.5 below minimum threshold 8)
2026-07-24 22:15:55,547 [INFO] [GBPUSD] score=3.5 status=NO TRADE -> skip (Score 3.5 below minimum threshold 8)
2026-07-24 22:15:56,541 [INFO] [USDJPY] score=7.5 status=SIGNAL OPEN - MONITORING -> skip (Score 7.5 below minimum threshold 8)
2026-07-24 22:15:57,594 [INFO] [BTCUSD] score=3.5 status=NO TRADE -> skip (Score 3.5 below minimum threshold 8)
2026-07-24 22:16:59,850 [INFO] [XAUUSD] score=8.5 status=SIGNAL OPEN - MONITORING -> skip (Already at max positions (1) for XAUUSD)
2026-07-24 22:17:00,608 [INFO] [EURUSD] score=7.5 status=SIGNAL OPEN - MONITORING -> skip (Score 7.5 below minimum threshold 8)
2026-07-24 22:17:01,318 [INFO] [GBPUSD] score=3.5 status=NO TRADE -> skip (Score 3.5 below minimum threshold 8)
2026-07-24 22:17:02,258 [INFO] [USDJPY] score=7.5 status=SIGNAL OPEN - MONITORING -> skip (Score 7.5 below minimum threshold 8)
2026-07-24 22:17:03,147 [INFO] [BTCUSD] score=3.5 status=NO TRADE -> skip (Score 3.5 below minimum threshold 8)
2026-07-24 22:18:06,435 [INFO] [XAUUSD] score=8.5 status=SIGNAL OPEN - MONITORING -> skip (Already at max positions (1) for XAUUSD)
2026-07-24 22:18:07,429 [INFO] [EURUSD] score=7.5 status=SIGNAL OPEN - MONITORING -> skip (Score 7.5 below minimum threshold 8)
2026-07-24 22:18:08,793 [INFO] [GBPUSD] score=3.5 status=NO TRADE -> skip (Score 3.5 below minimum threshold 8)
2026-07-24 22:18:09,815 [INFO] [USDJPY] score=7.5 status=SIGNAL OPEN - MONITORING -> skip (Score 7.5 below minimum threshold 8)
2026-07-24 22:18:10,801 [INFO] [BTCUSD] score=3.5 status=NO TRADE -> skip (Score 3.5 below minimum threshold 8)
2026-07-24 22:19:14,065 [INFO] [XAUUSD] score=8.5 status=SIGNAL OPEN - MONITORING -> skip (Already at max positions (1) for XAUUSD)
2026-07-24 22:19:15,136 [INFO] [EURUSD] score=7.5 status=SIGNAL OPEN - MONITORING -> skip (Score 7.5 below minimum threshold 8)
2026-07-24 22:19:16,311 [INFO] [GBPUSD] score=3.5 status=NO TRADE -> skip (Score 3.5 below minimum threshold 8)
2026-07-24 22:19:17,231 [INFO] [USDJPY] score=7.5 status=SIGNAL OPEN - MONITORING -> skip (Score 7.5 below minimum threshold 8)
2026-07-24 22:19:18,872 [INFO] [BTCUSD] score=3.5 status=NO TRADE -> skip (Score 3.5 below minimum threshold 8)
2026-07-24 22:20:22,162 [INFO] [XAUUSD] score=8.5 status=SIGNAL OPEN - MONITORING -> skip (Already at max positions (1) for XAUUSD)
2026-07-24 22:20:23,292 [INFO] [EURUSD] score=7.5 status=SIGNAL OPEN - MONITORING -> skip (Score 7.5 below minimum threshold 8)
2026-07-24 22:20:24,149 [INFO] [GBPUSD] score=3.5 status=NO TRADE -> skip (Score 3.5 below minimum threshold 8)
2026-07-24 22:20:25,178 [INFO] [USDJPY] score=7.5 status=SIGNAL OPEN - MONITORING -> skip (Score 7.5 below minimum threshold 8)
2026-07-24 22:20:26,332 [INFO] [BTCUSD] score=3.5 status=NO TRADE -> skip (Score 3.5 below minimum threshold 8)
2026-07-24 22:21:29,505 [INFO] [XAUUSD] score=8.5 status=SIGNAL OPEN - MONITORING -> skip (Already at max positions (1) for XAUUSD)
2026-07-24 22:21:30,454 [INFO] [EURUSD] score=7.5 status=SIGNAL OPEN - MONITORING -> skip (Score 7.5 below minimum threshold 8)
2026-07-24 22:21:31,416 [INFO] [GBPUSD] score=0.5 status=NO TRADE -> skip (Score 0.5 below minimum threshold 8)
2026-07-24 22:21:32,316 [INFO] [USDJPY] score=7.5 status=SIGNAL OPEN - MONITORING -> skip (Score 7.5 below minimum threshold 8)
2026-07-24 22:21:33,427 [INFO] [BTCUSD] score=3.5 status=NO TRADE -> skip (Score 3.5 below minimum threshold 8)
2026-07-24 22:22:36,531 [INFO] [XAUUSD] score=8.5 status=SIGNAL OPEN - MONITORING -> skip (Already at max positions (1) for XAUUSD)
2026-07-24 22:22:37,487 [INFO] [EURUSD] score=7.5 status=SIGNAL OPEN - MONITORING -> skip (Score 7.5 below minimum threshold 8)
2026-07-24 22:22:38,363 [INFO] [GBPUSD] score=3.5 status=NO TRADE -> skip (Score 3.5 below minimum threshold 8)
2026-07-24 22:22:39,314 [INFO] [USDJPY] score=7.5 status=SIGNAL OPEN - MONITORING -> skip (Score 7.5 below minimum threshold 8)
2026-07-24 22:22:40,866 [INFO] [BTCUSD] score=3.5 status=NO TRADE -> skip (Score 3.5 below minimum threshold 8)
2026-07-24 22:23:44,364 [INFO] [XAUUSD] score=8.5 status=SIGNAL OPEN - MONITORING -> skip (Already at max positions (1) for XAUUSD)
2026-07-24 22:23:45,216 [INFO] [EURUSD] score=7.5 status=SIGNAL OPEN - MONITORING -> skip (Score 7.5 below minimum threshold 8)
2026-07-24 22:23:46,743 [INFO] [GBPUSD] score=3.5 status=NO TRADE -> skip (Score 3.5 below minimum threshold 8)
2026-07-24 22:23:47,913 [INFO] [USDJPY] score=7.5 status=SIGNAL OPEN - MONITORING -> skip (Score 7.5 below minimum threshold 8)
2026-07-24 22:23:48,826 [INFO] [BTCUSD] score=3.5 status=NO TRADE -> skip (Score 3.5 below minimum threshold 8)
2026-07-24 22:24:50,716 [INFO] [XAUUSD] score=8.5 status=SIGNAL OPEN - MONITORING -> skip (Already at max positions (1) for XAUUSD)
2026-07-24 22:24:51,587 [INFO] [EURUSD] score=7.5 status=SIGNAL OPEN - MONITORING -> skip (Score 7.5 below minimum threshold 8)
2026-07-24 22:24:52,530 [INFO] [GBPUSD] score=3.5 status=NO TRADE -> skip (Score 3.5 below minimum threshold 8)
2026-07-24 22:24:54,304 [INFO] [USDJPY] score=7.5 status=SIGNAL OPEN - MONITORING -> skip (Score 7.5 below minimum threshold 8)
2026-07-24 22:24:55,387 [INFO] [BTCUSD] score=3.5 status=NO TRADE -> skip (Score 3.5 below minimum threshold 8)
2026-07-24 22:25:57,372 [INFO] [XAUUSD] score=8.5 status=SIGNAL OPEN - MONITORING -> skip (Already at max positions (1) for XAUUSD)
2026-07-24 22:25:58,235 [INFO] [EURUSD] score=7.5 status=SIGNAL OPEN - MONITORING -> skip (Score 7.5 below minimum threshold 8)
2026-07-24 22:25:59,036 [INFO] [GBPUSD] score=3.5 status=NO TRADE -> skip (Score 3.5 below minimum threshold 8)
2026-07-24 22:25:59,914 [INFO] [USDJPY] score=7.5 status=SIGNAL OPEN - MONITORING -> skip (Score 7.5 below minimum threshold 8)
2026-07-24 22:26:00,996 [INFO] [BTCUSD] score=3.5 status=NO TRADE -> skip (Score 3.5 below minimum threshold 8)
2026-07-24 22:27:04,218 [INFO] [XAUUSD] score=8.5 status=SIGNAL OPEN - MONITORING -> skip (Already at max positions (1) for XAUUSD)
2026-07-24 22:27:05,123 [INFO] [EURUSD] score=7.5 status=SIGNAL OPEN - MONITORING -> skip (Score 7.5 below minimum threshold 8)
2026-07-24 22:27:06,050 [INFO] [GBPUSD] score=3.5 status=NO TRADE -> skip (Score 3.5 below minimum threshold 8)
2026-07-24 22:27:07,094 [INFO] [USDJPY] score=7.5 status=SIGNAL OPEN - MONITORING -> skip (Score 7.5 below minimum threshold 8)
2026-07-24 22:27:08,334 [INFO] [BTCUSD] score=3.5 status=NO TRADE -> skip (Score 3.5 below minimum threshold 8)
2026-07-24 22:28:11,435 [INFO] [XAUUSD] score=8.5 status=SIGNAL OPEN - MONITORING -> skip (Already at max positions (1) for XAUUSD)
2026-07-24 22:28:12,382 [INFO] [EURUSD] score=7.5 status=SIGNAL OPEN - MONITORING -> skip (Score 7.5 below minimum threshold 8)
2026-07-24 22:28:13,216 [INFO] [GBPUSD] score=3.5 status=NO TRADE -> skip (Score 3.5 below minimum threshold 8)
2026-07-24 22:28:14,121 [INFO] [USDJPY] score=7.5 status=SIGNAL OPEN - MONITORING -> skip (Score 7.5 below minimum threshold 8)
2026-07-24 22:28:15,102 [INFO] [BTCUSD] score=3.5 status=NO TRADE -> skip (Score 3.5 below minimum threshold 8)
2026-07-24 22:29:18,218 [INFO] [XAUUSD] score=8.5 status=SIGNAL OPEN - MONITORING -> skip (Already at max positions (1) for XAUUSD)
2026-07-24 22:29:19,211 [INFO] [EURUSD] score=7.5 status=SIGNAL OPEN - MONITORING -> skip (Score 7.5 below minimum threshold 8)
2026-07-24 22:29:20,053 [INFO] [GBPUSD] score=3.5 status=NO TRADE -> skip (Score 3.5 below minimum threshold 8)
2026-07-24 22:29:21,560 [INFO] [USDJPY] score=7.5 status=SIGNAL OPEN - MONITORING -> skip (Score 7.5 below minimum threshold 8)
2026-07-24 22:29:22,515 [INFO] [BTCUSD] score=3.5 status=NO TRADE -> skip (Score 3.5 below minimum threshold 8)
2026-07-24 22:30:25,657 [INFO] [XAUUSD] score=8.5 status=SIGNAL OPEN - MONITORING -> skip (Already at max positions (1) for XAUUSD)
2026-07-24 22:30:26,525 [INFO] [EURUSD] score=7.5 status=SIGNAL OPEN - MONITORING -> skip (Score 7.5 below minimum threshold 8)
2026-07-24 22:30:27,335 [INFO] [GBPUSD] score=3.5 status=NO TRADE -> skip (Score 3.5 below minimum threshold 8)
2026-07-24 22:30:28,250 [INFO] [USDJPY] score=7.5 status=SIGNAL OPEN - MONITORING -> skip (Score 7.5 below minimum threshold 8)
2026-07-24 22:30:29,258 [INFO] [BTCUSD] score=3.5 status=NO TRADE -> skip (Score 3.5 below minimum threshold 8)
2026-07-24 22:31:32,549 [INFO] [XAUUSD] score=8.5 status=SIGNAL OPEN - MONITORING -> skip (Already at max positions (1) for XAUUSD)
2026-07-24 22:31:33,450 [INFO] [EURUSD] score=7.5 status=SIGNAL OPEN - MONITORING -> skip (Score 7.5 below minimum threshold 8)
2026-07-24 22:31:34,321 [INFO] [GBPUSD] score=3.5 status=NO TRADE -> skip (Score 3.5 below minimum threshold 8)
2026-07-24 22:31:35,216 [INFO] [USDJPY] score=7.5 status=SIGNAL OPEN - MONITORING -> skip (Score 7.5 below minimum threshold 8)
2026-07-24 22:31:36,344 [INFO] [BTCUSD] score=3.5 status=NO TRADE -> skip (Score 3.5 below minimum threshold 8)
2026-07-24 22:32:39,937 [INFO] [XAUUSD] score=8.5 status=SIGNAL OPEN - MONITORING -> skip (Already at max positions (1) for XAUUSD)
2026-07-24 22:32:40,827 [INFO] [EURUSD] score=7.5 status=SIGNAL OPEN - MONITORING -> skip (Score 7.5 below minimum threshold 8)
2026-07-24 22:32:41,685 [INFO] [GBPUSD] score=3.5 status=NO TRADE -> skip (Score 3.5 below minimum threshold 8)
2026-07-24 22:32:42,754 [INFO] [USDJPY] score=7.5 status=SIGNAL OPEN - MONITORING -> skip (Score 7.5 below minimum threshold 8)
2026-07-24 22:32:44,233 [INFO] [BTCUSD] score=3.5 status=NO TRADE -> skip (Score 3.5 below minimum threshold 8)
2026-07-24 22:33:46,249 [INFO] [XAUUSD] score=8.5 status=SIGNAL OPEN - MONITORING -> skip (Already at max positions (1) for XAUUSD)
2026-07-24 22:33:48,082 [INFO] [EURUSD] score=7.5 status=SIGNAL OPEN - MONITORING -> skip (Score 7.5 below minimum threshold 8)
2026-07-24 22:33:48,860 [INFO] [GBPUSD] score=3.5 status=NO TRADE -> skip (Score 3.5 below minimum threshold 8)
2026-07-24 22:33:49,721 [INFO] [USDJPY] score=7.5 status=SIGNAL OPEN - MONITORING -> skip (Score 7.5 below minimum threshold 8)
2026-07-24 22:33:50,758 [INFO] [BTCUSD] score=3.5 status=NO TRADE -> skip (Score 3.5 below minimum threshold 8)
2026-07-24 22:34:52,661 [INFO] [XAUUSD] score=8.5 status=SIGNAL OPEN - MONITORING -> skip (Already at max positions (1) for XAUUSD)
2026-07-24 22:34:53,430 [INFO] [EURUSD] score=7.5 status=SIGNAL OPEN - MONITORING -> skip (Score 7.5 below minimum threshold 8)
2026-07-24 22:34:54,111 [INFO] [GBPUSD] score=3.5 status=NO TRADE -> skip (Score 3.5 below minimum threshold 8)
2026-07-24 22:34:55,051 [INFO] [USDJPY] score=7.5 status=SIGNAL OPEN - MONITORING -> skip (Score 7.5 below minimum threshold 8)
2026-07-24 22:34:55,976 [INFO] [BTCUSD] score=3.5 status=NO TRADE -> skip (Score 3.5 below minimum threshold 8)
2026-07-24 22:35:57,834 [INFO] [XAUUSD] score=8.5 status=SIGNAL OPEN - MONITORING -> skip (Already at max positions (1) for XAUUSD)
2026-07-24 22:35:58,906 [INFO] [EURUSD] score=7.5 status=SIGNAL OPEN - MONITORING -> skip (Score 7.5 below minimum threshold 8)
2026-07-24 22:35:59,965 [INFO] [GBPUSD] score=3.5 status=NO TRADE -> skip (Score 3.5 below minimum threshold 8)
2026-07-24 22:36:00,914 [INFO] [USDJPY] score=7.5 status=SIGNAL OPEN - MONITORING -> skip (Score 7.5 below minimum threshold 8)
2026-07-24 22:36:02,118 [INFO] [BTCUSD] score=3.5 status=NO TRADE -> skip (Score 3.5 below minimum threshold 8)
2026-07-24 22:37:05,424 [INFO] [XAUUSD] score=8.5 status=SIGNAL OPEN - MONITORING -> skip (Already at max positions (1) for XAUUSD)
2026-07-24 22:37:06,279 [INFO] [EURUSD] score=7.5 status=SIGNAL OPEN - MONITORING -> skip (Score 7.5 below minimum threshold 8)
2026-07-24 22:37:07,208 [INFO] [GBPUSD] score=3.5 status=NO TRADE -> skip (Score 3.5 below minimum threshold 8)
2026-07-24 22:37:08,140 [INFO] [USDJPY] score=7.5 status=SIGNAL OPEN - MONITORING -> skip (Score 7.5 below minimum threshold 8)
2026-07-24 22:37:09,099 [INFO] [BTCUSD] score=3.5 status=NO TRADE -> skip (Score 3.5 below minimum threshold 8)
2026-07-24 22:38:12,526 [INFO] [XAUUSD] score=8.5 status=SIGNAL OPEN - MONITORING -> skip (Already at max positions (1) for XAUUSD)
2026-07-24 22:38:13,398 [INFO] [EURUSD] score=7.5 status=SIGNAL OPEN - MONITORING -> skip (Score 7.5 below minimum threshold 8)
2026-07-24 22:38:14,249 [INFO] [GBPUSD] score=3.5 status=NO TRADE -> skip (Score 3.5 below minimum threshold 8)
2026-07-24 22:38:15,141 [INFO] [USDJPY] score=7.5 status=SIGNAL OPEN - MONITORING -> skip (Score 7.5 below minimum threshold 8)
2026-07-24 22:38:16,218 [INFO] [BTCUSD] score=3.5 status=NO TRADE -> skip (Score 3.5 below minimum threshold 8)
2026-07-24 22:39:19,427 [INFO] [XAUUSD] score=8.5 status=SIGNAL OPEN - MONITORING -> skip (Already at max positions (1) for XAUUSD)
2026-07-24 22:39:20,368 [INFO] [EURUSD] score=7.5 status=SIGNAL OPEN - MONITORING -> skip (Score 7.5 below minimum threshold 8)
2026-07-24 22:39:21,131 [INFO] [GBPUSD] score=3.5 status=NO TRADE -> skip (Score 3.5 below minimum threshold 8)
2026-07-24 22:39:22,244 [INFO] [USDJPY] score=7.5 status=SIGNAL OPEN - MONITORING -> skip (Score 7.5 below minimum threshold 8)
2026-07-24 22:39:23,204 [INFO] [BTCUSD] score=3.5 status=NO TRADE -> skip (Score 3.5 below minimum threshold 8)
2026-07-24 22:40:26,470 [INFO] [XAUUSD] score=8.5 status=SIGNAL OPEN - MONITORING -> skip (Already at max positions (1) for XAUUSD)
2026-07-24 22:40:27,464 [INFO] [EURUSD] score=7.5 status=SIGNAL OPEN - MONITORING -> skip (Score 7.5 below minimum threshold 8)
2026-07-24 22:40:28,230 [INFO] [GBPUSD] score=3.5 status=NO TRADE -> skip (Score 3.5 below minimum threshold 8)
2026-07-24 22:40:29,110 [INFO] [USDJPY] score=7.5 status=SIGNAL OPEN - MONITORING -> skip (Score 7.5 below minimum threshold 8)
2026-07-24 22:40:30,220 [INFO] [BTCUSD] score=3.5 status=NO TRADE -> skip (Score 3.5 below minimum threshold 8)
2026-07-24 22:41:33,511 [INFO] [XAUUSD] score=8.5 status=SIGNAL OPEN - MONITORING -> skip (Already at max positions (1) for XAUUSD)
2026-07-24 22:41:34,520 [INFO] [EURUSD] score=7.5 status=SIGNAL OPEN - MONITORING -> skip (Score 7.5 below minimum threshold 8)
2026-07-24 22:41:35,505 [INFO] [GBPUSD] score=0.5 status=NO TRADE -> skip (Score 0.5 below minimum threshold 8)
2026-07-24 22:41:36,511 [INFO] [USDJPY] score=7.5 status=SIGNAL OPEN - MONITORING -> skip (Score 7.5 below minimum threshold 8)
2026-07-24 22:41:37,516 [INFO] [BTCUSD] score=3.5 status=NO TRADE -> skip (Score 3.5 below minimum threshold 8)
2026-07-24 22:42:40,803 [INFO] [XAUUSD] score=8.5 status=SIGNAL OPEN - MONITORING -> skip (Already at max positions (1) for XAUUSD)
2026-07-24 22:42:41,821 [INFO] [EURUSD] score=7.5 status=SIGNAL OPEN - MONITORING -> skip (Score 7.5 below minimum threshold 8)
2026-07-24 22:42:42,827 [INFO] [GBPUSD] score=0.5 status=NO TRADE -> skip (Score 0.5 below minimum threshold 8)
2026-07-24 22:42:43,793 [INFO] [USDJPY] score=7.5 status=SIGNAL OPEN - MONITORING -> skip (Score 7.5 below minimum threshold 8)
2026-07-24 22:42:44,788 [INFO] [BTCUSD] score=3.5 status=NO TRADE -> skip (Score 3.5 below minimum threshold 8)
2026-07-24 22:43:47,563 [INFO] [XAUUSD] score=8.5 status=SIGNAL OPEN - MONITORING -> skip (Already at max positions (1) for XAUUSD)
2026-07-24 22:43:48,423 [INFO] [EURUSD] score=7.5 status=SIGNAL OPEN - MONITORING -> skip (Score 7.5 below minimum threshold 8)
2026-07-24 22:43:49,254 [INFO] [GBPUSD] score=0.5 status=NO TRADE -> skip (Score 0.5 below minimum threshold 8)
2026-07-24 22:43:50,101 [INFO] [USDJPY] score=7.5 status=SIGNAL OPEN - MONITORING -> skip (Score 7.5 below minimum threshold 8)
2026-07-24 22:43:51,044 [INFO] [BTCUSD] score=3.5 status=NO TRADE -> skip (Score 3.5 below minimum threshold 8)
2026-07-24 22:44:53,077 [INFO] [XAUUSD] score=8.5 status=SIGNAL OPEN - MONITORING -> skip (Already at max positions (1) for XAUUSD)
2026-07-24 22:44:53,951 [INFO] [EURUSD] score=7.5 status=SIGNAL OPEN - MONITORING -> skip (Score 7.5 below minimum threshold 8)
2026-07-24 22:44:54,720 [INFO] [GBPUSD] score=3.5 status=NO TRADE -> skip (Score 3.5 below minimum threshold 8)
2026-07-24 22:44:55,633 [INFO] [USDJPY] score=7.5 status=SIGNAL OPEN - MONITORING -> skip (Score 7.5 below minimum threshold 8)
2026-07-24 22:44:56,525 [INFO] [BTCUSD] score=3.5 status=NO TRADE -> skip (Score 3.5 below minimum threshold 8)
2026-07-24 22:45:58,345 [INFO] [XAUUSD] score=8.5 status=SIGNAL OPEN - MONITORING -> skip (Already at max positions (1) for XAUUSD)
2026-07-24 22:45:59,173 [INFO] [EURUSD] score=7.5 status=SIGNAL OPEN - MONITORING -> skip (Score 7.5 below minimum threshold 8)
2026-07-24 22:46:00,026 [INFO] [GBPUSD] score=3.5 status=NO TRADE -> skip (Score 3.5 below minimum threshold 8)
2026-07-24 22:46:01,010 [INFO] [USDJPY] score=7.5 status=SIGNAL OPEN - MONITORING -> skip (Score 7.5 below minimum threshold 8)
2026-07-24 22:46:02,131 [INFO] [BTCUSD] score=3.5 status=NO TRADE -> skip (Score 3.5 below minimum threshold 8)
2026-07-24 22:47:05,540 [INFO] [XAUUSD] score=8.5 status=SIGNAL OPEN - MONITORING -> skip (Already at max positions (1) for XAUUSD)
2026-07-24 22:47:06,607 [INFO] [EURUSD] score=7.5 status=SIGNAL OPEN - MONITORING -> skip (Score 7.5 below minimum threshold 8)
2026-07-24 22:47:07,499 [INFO] [GBPUSD] score=3.5 status=NO TRADE -> skip (Score 3.5 below minimum threshold 8)
2026-07-24 22:47:08,501 [INFO] [USDJPY] score=7.5 status=SIGNAL OPEN - MONITORING -> skip (Score 7.5 below minimum threshold 8)
2026-07-24 22:47:09,582 [INFO] [BTCUSD] score=3.5 status=NO TRADE -> skip (Score 3.5 below minimum threshold 8)
2026-07-24 22:48:12,617 [INFO] [XAUUSD] score=8.5 status=SIGNAL OPEN - MONITORING -> skip (Already at max positions (1) for XAUUSD)
2026-07-24 22:48:13,543 [INFO] [EURUSD] score=7.5 status=SIGNAL OPEN - MONITORING -> skip (Score 7.5 below minimum threshold 8)
2026-07-24 22:48:14,399 [INFO] [GBPUSD] score=3.5 status=NO TRADE -> skip (Score 3.5 below minimum threshold 8)
2026-07-24 22:48:15,334 [INFO] [USDJPY] score=7.5 status=SIGNAL OPEN - MONITORING -> skip (Score 7.5 below minimum threshold 8)
2026-07-24 22:48:16,730 [INFO] [BTCUSD] score=3.5 status=NO TRADE -> skip (Score 3.5 below minimum threshold 8)
2026-07-24 22:49:19,861 [INFO] [XAUUSD] score=8.5 status=SIGNAL OPEN - MONITORING -> skip (Already at max positions (1) for XAUUSD)
2026-07-24 22:49:20,706 [INFO] [EURUSD] score=7.5 status=SIGNAL OPEN - MONITORING -> skip (Score 7.5 below minimum threshold 8)
2026-07-24 22:49:21,535 [INFO] [GBPUSD] score=3.5 status=NO TRADE -> skip (Score 3.5 below minimum threshold 8)
2026-07-24 22:49:22,435 [INFO] [USDJPY] score=7.5 status=SIGNAL OPEN - MONITORING -> skip (Score 7.5 below minimum threshold 8)
2026-07-24 22:49:23,435 [INFO] [BTCUSD] score=3.5 status=NO TRADE -> skip (Score 3.5 below minimum threshold 8)
2026-07-24 22:50:26,642 [INFO] [XAUUSD] score=8.5 status=SIGNAL OPEN - MONITORING -> skip (Already at max positions (1) for XAUUSD)
2026-07-24 22:50:27,516 [INFO] [EURUSD] score=7.5 status=SIGNAL OPEN - MONITORING -> skip (Score 7.5 below minimum threshold 8)
2026-07-24 22:50:28,439 [INFO] [GBPUSD] score=3.5 status=NO TRADE -> skip (Score 3.5 below minimum threshold 8)
2026-07-24 22:50:29,342 [INFO] [USDJPY] score=7.5 status=SIGNAL OPEN - MONITORING -> skip (Score 7.5 below minimum threshold 8)
2026-07-24 22:50:30,304 [INFO] [BTCUSD] score=3.5 status=NO TRADE -> skip (Score 3.5 below minimum threshold 8)
2026-07-24 22:51:33,619 [INFO] [XAUUSD] score=8.5 status=SIGNAL OPEN - MONITORING -> skip (Already at max positions (1) for XAUUSD)
2026-07-24 22:51:34,641 [INFO] [EURUSD] score=7.5 status=SIGNAL OPEN - MONITORING -> skip (Score 7.5 below minimum threshold 8)
2026-07-24 22:51:35,511 [INFO] [GBPUSD] score=3.5 status=NO TRADE -> skip (Score 3.5 below minimum threshold 8)
2026-07-24 22:51:36,442 [INFO] [USDJPY] score=7.5 status=SIGNAL OPEN - MONITORING -> skip (Score 7.5 below minimum threshold 8)
2026-07-24 22:51:37,396 [INFO] [BTCUSD] score=3.5 status=NO TRADE -> skip (Score 3.5 below minimum threshold 8)
2026-07-24 22:52:40,804 [INFO] [XAUUSD] score=8.5 status=SIGNAL OPEN - MONITORING -> skip (Already at max positions (1) for XAUUSD)
2026-07-24 22:52:42,257 [INFO] [EURUSD] score=7.5 status=SIGNAL OPEN - MONITORING -> skip (Score 7.5 below minimum threshold 8)
2026-07-24 22:52:43,018 [INFO] [GBPUSD] score=3.5 status=NO TRADE -> skip (Score 3.5 below minimum threshold 8)
2026-07-24 22:52:43,946 [INFO] [USDJPY] score=7.5 status=SIGNAL OPEN - MONITORING -> skip (Score 7.5 below minimum threshold 8)
2026-07-24 22:52:44,807 [INFO] [BTCUSD] score=3.5 status=NO TRADE -> skip (Score 3.5 below minimum threshold 8)
2026-07-24 22:53:48,121 [INFO] [XAUUSD] score=8.5 status=SIGNAL OPEN - MONITORING -> skip (Already at max positions (1) for XAUUSD)
2026-07-24 22:53:48,927 [INFO] [EURUSD] score=7.5 status=SIGNAL OPEN - MONITORING -> skip (Score 7.5 below minimum threshold 8)
2026-07-24 22:53:49,719 [INFO] [GBPUSD] score=3.5 status=NO TRADE -> skip (Score 3.5 below minimum threshold 8)
2026-07-24 22:53:50,679 [INFO] [USDJPY] score=7.5 status=SIGNAL OPEN - MONITORING -> skip (Score 7.5 below minimum threshold 8)
2026-07-24 22:53:51,704 [INFO] [BTCUSD] score=3.5 status=NO TRADE -> skip (Score 3.5 below minimum threshold 8)
2026-07-24 22:54:53,581 [INFO] [XAUUSD] score=8.5 status=SIGNAL OPEN - MONITORING -> skip (Already at max positions (1) for XAUUSD)
2026-07-24 22:54:54,518 [INFO] [EURUSD] score=7.5 status=SIGNAL OPEN - MONITORING -> skip (Score 7.5 below minimum threshold 8)
2026-07-24 22:54:55,218 [INFO] [GBPUSD] score=3.5 status=NO TRADE -> skip (Score 3.5 below minimum threshold 8)
2026-07-24 22:54:56,108 [INFO] [USDJPY] score=7.5 status=SIGNAL OPEN - MONITORING -> skip (Score 7.5 below minimum threshold 8)
2026-07-24 22:54:57,125 [INFO] [BTCUSD] score=3.5 status=NO TRADE -> skip (Score 3.5 below minimum threshold 8)
2026-07-24 22:55:59,041 [INFO] [XAUUSD] score=8.5 status=SIGNAL OPEN - MONITORING -> skip (Already at max positions (1) for XAUUSD)
2026-07-24 22:56:00,039 [INFO] [EURUSD] score=7.5 status=SIGNAL OPEN - MONITORING -> skip (Score 7.5 below minimum threshold 8)
2026-07-24 22:56:00,856 [INFO] [GBPUSD] score=3.5 status=NO TRADE -> skip (Score 3.5 below minimum threshold 8)
2026-07-24 22:56:02,143 [INFO] [USDJPY] score=7.5 status=SIGNAL OPEN - MONITORING -> skip (Score 7.5 below minimum threshold 8)
2026-07-24 22:56:03,144 [INFO] [BTCUSD] score=3.5 status=NO TRADE -> skip (Score 3.5 below minimum threshold 8)
2026-07-24 22:57:24,974 [INFO] [XAUUSD] score=8.5 status=SIGNAL OPEN - MONITORING -> skip (Already at max positions (1) for XAUUSD)
2026-07-24 22:57:25,852 [INFO] [EURUSD] score=7.5 status=SIGNAL OPEN - MONITORING -> skip (Score 7.5 below minimum threshold 8)
2026-07-24 22:57:26,751 [INFO] [GBPUSD] score=0.5 status=NO TRADE -> skip (Score 0.5 below minimum threshold 8)
2026-07-24 22:57:27,839 [INFO] [USDJPY] score=7.5 status=SIGNAL OPEN - MONITORING -> skip (Score 7.5 below minimum threshold 8)
2026-07-24 22:57:29,011 [INFO] [BTCUSD] score=3.5 status=NO TRADE -> skip (Score 3.5 below minimum threshold 8)
2026-07-24 22:58:32,909 [INFO] [XAUUSD] score=8.5 status=SIGNAL OPEN - MONITORING -> skip (Already at max positions (1) for XAUUSD)
2026-07-24 22:58:33,826 [INFO] [EURUSD] score=7.5 status=SIGNAL OPEN - MONITORING -> skip (Score 7.5 below minimum threshold 8)
2026-07-24 22:58:34,815 [INFO] [GBPUSD] score=0.5 status=NO TRADE -> skip (Score 0.5 below minimum threshold 8)
2026-07-24 22:58:35,713 [INFO] [USDJPY] score=7.5 status=SIGNAL OPEN - MONITORING -> skip (Score 7.5 below minimum threshold 8)
2026-07-24 22:58:36,895 [INFO] [BTCUSD] score=3.5 status=NO TRADE -> skip (Score 3.5 below minimum threshold 8)
2026-07-24 22:59:40,255 [INFO] [XAUUSD] score=8.5 status=SIGNAL OPEN - MONITORING -> skip (Already at max positions (1) for XAUUSD)
2026-07-24 22:59:41,116 [INFO] [EURUSD] score=7.5 status=SIGNAL OPEN - MONITORING -> skip (Score 7.5 below minimum threshold 8)
2026-07-24 22:59:42,014 [INFO] [GBPUSD] score=0.5 status=NO TRADE -> skip (Score 0.5 below minimum threshold 8)
2026-07-24 22:59:42,946 [INFO] [USDJPY] score=7.5 status=SIGNAL OPEN - MONITORING -> skip (Score 7.5 below minimum threshold 8)
2026-07-24 22:59:43,927 [INFO] [BTCUSD] score=3.5 status=NO TRADE -> skip (Score 3.5 below minimum threshold 8)
2026-07-24 23:00:47,020 [INFO] [XAUUSD] score=8.5 status=SIGNAL OPEN - MONITORING -> skip (Already at max positions (1) for XAUUSD)
2026-07-24 23:00:47,920 [INFO] [EURUSD] score=7.5 status=SIGNAL OPEN - MONITORING -> skip (Score 7.5 below minimum threshold 8)
2026-07-24 23:00:48,861 [INFO] [GBPUSD] score=0.5 status=NO TRADE -> skip (Score 0.5 below minimum threshold 8)
2026-07-24 23:00:49,851 [INFO] [USDJPY] score=7.5 status=SIGNAL OPEN - MONITORING -> skip (Score 7.5 below minimum threshold 8)
2026-07-24 23:00:51,031 [INFO] [BTCUSD] score=2.5 status=NO TRADE -> skip (Score 2.5 below minimum threshold 8)
2026-07-24 23:01:54,341 [INFO] [XAUUSD] score=8.5 status=SIGNAL OPEN - MONITORING -> skip (Already at max positions (1) for XAUUSD)
2026-07-24 23:01:55,280 [INFO] [EURUSD] score=7.5 status=SIGNAL OPEN - MONITORING -> skip (Score 7.5 below minimum threshold 8)
2026-07-24 23:01:56,160 [INFO] [GBPUSD] score=0.5 status=NO TRADE -> skip (Score 0.5 below minimum threshold 8)
2026-07-24 23:01:57,106 [INFO] [USDJPY] score=7.5 status=SIGNAL OPEN - MONITORING -> skip (Score 7.5 below minimum threshold 8)
2026-07-24 23:01:58,350 [INFO] [BTCUSD] score=2.5 status=NO TRADE -> skip (Score 2.5 below minimum threshold 8)
2026-07-24 23:03:00,366 [INFO] [XAUUSD] score=8.5 status=SIGNAL OPEN - MONITORING -> skip (Already at max positions (1) for XAUUSD)
2026-07-24 23:03:01,237 [INFO] [EURUSD] score=7.5 status=SIGNAL OPEN - MONITORING -> skip (Score 7.5 below minimum threshold 8)
2026-07-24 23:03:02,019 [INFO] [GBPUSD] score=3.5 status=NO TRADE -> skip (Score 3.5 below minimum threshold 8)
2026-07-24 23:03:03,160 [INFO] [USDJPY] score=7.5 status=SIGNAL OPEN - MONITORING -> skip (Score 7.5 below minimum threshold 8)
2026-07-24 23:03:05,117 [INFO] [BTCUSD] score=2.5 status=NO TRADE -> skip (Score 2.5 below minimum threshold 8)
2026-07-24 23:04:07,024 [INFO] [XAUUSD] score=8.5 status=SIGNAL OPEN - MONITORING -> skip (Already at max positions (1) for XAUUSD)
2026-07-24 23:04:07,897 [INFO] [EURUSD] score=7.5 status=SIGNAL OPEN - MONITORING -> skip (Score 7.5 below minimum threshold 8)
2026-07-24 23:04:08,612 [INFO] [GBPUSD] score=3.5 status=NO TRADE -> skip (Score 3.5 below minimum threshold 8)
2026-07-24 23:04:09,534 [INFO] [USDJPY] score=7.5 status=SIGNAL OPEN - MONITORING -> skip (Score 7.5 below minimum threshold 8)
2026-07-24 23:04:10,431 [INFO] [BTCUSD] score=2.5 status=NO TRADE -> skip (Score 2.5 below minimum threshold 8)
2026-07-24 23:05:12,383 [INFO] [XAUUSD] score=8.5 status=SIGNAL OPEN - MONITORING -> skip (Already at max positions (1) for XAUUSD)
2026-07-24 23:05:13,235 [INFO] [EURUSD] score=7.5 status=SIGNAL OPEN - MONITORING -> skip (Score 7.5 below minimum threshold 8)
2026-07-24 23:05:13,998 [INFO] [GBPUSD] score=3.5 status=NO TRADE -> skip (Score 3.5 below minimum threshold 8)
2026-07-24 23:05:15,117 [INFO] [USDJPY] score=7.5 status=SIGNAL OPEN - MONITORING -> skip (Score 7.5 below minimum threshold 8)
2026-07-24 23:05:16,227 [INFO] [BTCUSD] score=2.5 status=NO TRADE -> skip (Score 2.5 below minimum threshold 8)
2026-07-24 23:06:19,422 [INFO] [XAUUSD] score=8.5 status=SIGNAL OPEN - MONITORING -> skip (Already at max positions (1) for XAUUSD)
2026-07-24 23:06:20,516 [INFO] [EURUSD] score=7.5 status=SIGNAL OPEN - MONITORING -> skip (Score 7.5 below minimum threshold 8)
2026-07-24 23:06:21,432 [INFO] [GBPUSD] score=0.5 status=NO TRADE -> skip (Score 0.5 below minimum threshold 8)
2026-07-24 23:06:22,626 [INFO] [USDJPY] score=7.5 status=SIGNAL OPEN - MONITORING -> skip (Score 7.5 below minimum threshold 8)
2026-07-24 23:06:23,653 [INFO] [BTCUSD] score=2.5 status=NO TRADE -> skip (Score 2.5 below minimum threshold 8)
2026-07-24 23:07:26,955 [INFO] [XAUUSD] score=8.5 status=SIGNAL OPEN - MONITORING -> skip (Already at max positions (1) for XAUUSD)
2026-07-24 23:07:28,325 [INFO] [EURUSD] score=7.5 status=SIGNAL OPEN - MONITORING -> skip (Score 7.5 below minimum threshold 8)
2026-07-24 23:07:29,222 [INFO] [GBPUSD] score=3.5 status=NO TRADE -> skip (Score 3.5 below minimum threshold 8)
2026-07-24 23:07:30,123 [INFO] [USDJPY] score=7.5 status=SIGNAL OPEN - MONITORING -> skip (Score 7.5 below minimum threshold 8)
2026-07-24 23:07:31,207 [INFO] [BTCUSD] score=2.5 status=NO TRADE -> skip (Score 2.5 below minimum threshold 8)
2026-07-24 23:08:34,613 [INFO] [XAUUSD] score=8.5 status=SIGNAL OPEN - MONITORING -> skip (Already at max positions (1) for XAUUSD)
2026-07-24 23:08:35,601 [INFO] [EURUSD] score=7.5 status=SIGNAL OPEN - MONITORING -> skip (Score 7.5 below minimum threshold 8)
2026-07-24 23:08:36,552 [INFO] [GBPUSD] score=3.5 status=NO TRADE -> skip (Score 3.5 below minimum threshold 8)
2026-07-24 23:08:37,417 [INFO] [USDJPY] score=7.5 status=SIGNAL OPEN - MONITORING -> skip (Score 7.5 below minimum threshold 8)
2026-07-24 23:08:38,456 [INFO] [BTCUSD] score=2.5 status=NO TRADE -> skip (Score 2.5 below minimum threshold 8)
2026-07-24 23:09:41,640 [INFO] [XAUUSD] score=8.5 status=SIGNAL OPEN - MONITORING -> skip (Already at max positions (1) for XAUUSD)
2026-07-24 23:09:42,574 [INFO] [EURUSD] score=7.5 status=SIGNAL OPEN - MONITORING -> skip (Score 7.5 below minimum threshold 8)
2026-07-24 23:09:43,411 [INFO] [GBPUSD] score=3.5 status=NO TRADE -> skip (Score 3.5 below minimum threshold 8)
2026-07-24 23:09:44,328 [INFO] [USDJPY] score=7.5 status=SIGNAL OPEN - MONITORING -> skip (Score 7.5 below minimum threshold 8)
2026-07-24 23:09:45,420 [INFO] [BTCUSD] score=2.5 status=NO TRADE -> skip (Score 2.5 below minimum threshold 8)
2026-07-24 23:10:48,631 [INFO] [XAUUSD] score=8.5 status=SIGNAL OPEN - MONITORING -> skip (Already at max positions (1) for XAUUSD)
2026-07-24 23:10:49,547 [INFO] [EURUSD] score=7.5 status=SIGNAL OPEN - MONITORING -> skip (Score 7.5 below minimum threshold 8)
2026-07-24 23:10:50,427 [INFO] [GBPUSD] score=3.5 status=NO TRADE -> skip (Score 3.5 below minimum threshold 8)
2026-07-24 23:10:51,435 [INFO] [USDJPY] score=7.5 status=SIGNAL OPEN - MONITORING -> skip (Score 7.5 below minimum threshold 8)
2026-07-24 23:10:52,418 [INFO] [BTCUSD] score=2.5 status=NO TRADE -> skip (Score 2.5 below minimum threshold 8)
2026-07-24 23:11:55,948 [INFO] [XAUUSD] score=8.5 status=SIGNAL OPEN - MONITORING -> skip (Already at max positions (1) for XAUUSD)
2026-07-24 23:11:57,118 [INFO] [EURUSD] score=7.5 status=SIGNAL OPEN - MONITORING -> skip (Score 7.5 below minimum threshold 8)
2026-07-24 23:11:58,137 [INFO] [GBPUSD] score=3.5 status=NO TRADE -> skip (Score 3.5 below minimum threshold 8)
2026-07-24 23:11:59,408 [INFO] [USDJPY] score=7.5 status=SIGNAL OPEN - MONITORING -> skip (Score 7.5 below minimum threshold 8)
2026-07-24 23:12:00,653 [INFO] [BTCUSD] score=2.5 status=NO TRADE -> skip (Score 2.5 below minimum threshold 8)
2026-07-24 23:13:02,608 [INFO] [XAUUSD] score=8.5 status=SIGNAL OPEN - MONITORING -> skip (Already at max positions (1) for XAUUSD)
2026-07-24 23:13:03,630 [INFO] [EURUSD] score=7.5 status=SIGNAL OPEN - MONITORING -> skip (Score 7.5 below minimum threshold 8)
2026-07-24 23:13:05,451 [INFO] [GBPUSD] score=3.5 status=NO TRADE -> skip (Score 3.5 below minimum threshold 8)
2026-07-24 23:13:06,417 [INFO] [USDJPY] score=7.5 status=SIGNAL OPEN - MONITORING -> skip (Score 7.5 below minimum threshold 8)
2026-07-24 23:13:07,427 [INFO] [BTCUSD] score=2.5 status=NO TRADE -> skip (Score 2.5 below minimum threshold 8)
2026-07-24 23:14:09,445 [INFO] [XAUUSD] score=8.5 status=SIGNAL OPEN - MONITORING -> skip (Already at max positions (1) for XAUUSD)
2026-07-24 23:14:10,231 [INFO] [EURUSD] score=7.5 status=SIGNAL OPEN - MONITORING -> skip (Score 7.5 below minimum threshold 8)
2026-07-24 23:14:11,082 [INFO] [GBPUSD] score=3.5 status=NO TRADE -> skip (Score 3.5 below minimum threshold 8)
2026-07-24 23:14:12,220 [INFO] [USDJPY] score=7.5 status=SIGNAL OPEN - MONITORING -> skip (Score 7.5 below minimum threshold 8)
2026-07-24 23:14:13,623 [INFO] [BTCUSD] score=2.5 status=NO TRADE -> skip (Score 2.5 below minimum threshold 8)
2026-07-24 23:15:15,636 [INFO] [XAUUSD] score=8.5 status=SIGNAL OPEN - MONITORING -> skip (Already at max positions (1) for XAUUSD)
2026-07-24 23:15:16,944 [INFO] [EURUSD] score=7.5 status=SIGNAL OPEN - MONITORING -> skip (Score 7.5 below minimum threshold 8)
2026-07-24 23:15:17,853 [INFO] [GBPUSD] score=3.5 status=NO TRADE -> skip (Score 3.5 below minimum threshold 8)
2026-07-24 23:15:19,365 [INFO] [USDJPY] score=7.5 status=SIGNAL OPEN - MONITORING -> skip (Score 7.5 below minimum threshold 8)
2026-07-24 23:15:20,840 [INFO] [BTCUSD] score=2.5 status=NO TRADE -> skip (Score 2.5 below minimum threshold 8)
2026-07-24 23:16:24,043 [INFO] [XAUUSD] score=8.5 status=SIGNAL OPEN - MONITORING -> skip (Already at max positions (1) for XAUUSD)
2026-07-24 23:16:25,017 [INFO] [EURUSD] score=7.5 status=SIGNAL OPEN - MONITORING -> skip (Score 7.5 below minimum threshold 8)
2026-07-24 23:16:25,844 [INFO] [GBPUSD] score=0.5 status=NO TRADE -> skip (Score 0.5 below minimum threshold 8)
2026-07-24 23:16:26,718 [INFO] [USDJPY] score=7.5 status=SIGNAL OPEN - MONITORING -> skip (Score 7.5 below minimum threshold 8)
2026-07-24 23:16:28,254 [INFO] [BTCUSD] score=2.5 status=NO TRADE -> skip (Score 2.5 below minimum threshold 8)
2026-07-24 23:17:31,822 [INFO] [XAUUSD] score=8.5 status=SIGNAL OPEN - MONITORING -> skip (Already at max positions (1) for XAUUSD)
2026-07-24 23:17:32,718 [INFO] [EURUSD] score=7.5 status=SIGNAL OPEN - MONITORING -> skip (Score 7.5 below minimum threshold 8)
2026-07-24 23:17:33,582 [INFO] [GBPUSD] score=0.5 status=NO TRADE -> skip (Score 0.5 below minimum threshold 8)
2026-07-24 23:17:35,017 [INFO] [USDJPY] score=7.5 status=SIGNAL OPEN - MONITORING -> skip (Score 7.5 below minimum threshold 8)
2026-07-24 23:17:36,023 [INFO] [BTCUSD] score=2.5 status=NO TRADE -> skip (Score 2.5 below minimum threshold 8)
2026-07-24 23:18:39,483 [INFO] [XAUUSD] score=8.5 status=SIGNAL OPEN - MONITORING -> skip (Already at max positions (1) for XAUUSD)
2026-07-24 23:18:40,470 [INFO] [EURUSD] score=7.5 status=SIGNAL OPEN - MONITORING -> skip (Score 7.5 below minimum threshold 8)
2026-07-24 23:18:41,329 [INFO] [GBPUSD] score=0.5 status=NO TRADE -> skip (Score 0.5 below minimum threshold 8)
2026-07-24 23:18:42,230 [INFO] [USDJPY] score=7.5 status=SIGNAL OPEN - MONITORING -> skip (Score 7.5 below minimum threshold 8)
2026-07-24 23:18:43,216 [INFO] [BTCUSD] score=2.5 status=NO TRADE -> skip (Score 2.5 below minimum threshold 8)
2026-07-24 23:19:46,352 [INFO] [XAUUSD] score=8.5 status=SIGNAL OPEN - MONITORING -> skip (Already at max positions (1) for XAUUSD)
2026-07-24 23:19:47,191 [INFO] [EURUSD] score=7.5 status=SIGNAL OPEN - MONITORING -> skip (Score 7.5 below minimum threshold 8)
2026-07-24 23:19:48,014 [INFO] [GBPUSD] score=0.5 status=NO TRADE -> skip (Score 0.5 below minimum threshold 8)
2026-07-24 23:19:48,941 [INFO] [USDJPY] score=7.5 status=SIGNAL OPEN - MONITORING -> skip (Score 7.5 below minimum threshold 8)
2026-07-24 23:19:49,947 [INFO] [BTCUSD] score=2.5 status=NO TRADE -> skip (Score 2.5 below minimum threshold 8)
2026-07-24 23:20:53,368 [INFO] [XAUUSD] score=8.5 status=SIGNAL OPEN - MONITORING -> skip (Already at max positions (1) for XAUUSD)
2026-07-24 23:20:54,603 [INFO] [EURUSD] score=7.5 status=SIGNAL OPEN - MONITORING -> skip (Score 7.5 below minimum threshold 8)
2026-07-24 23:20:55,829 [INFO] [GBPUSD] score=0.5 status=NO TRADE -> skip (Score 0.5 below minimum threshold 8)
2026-07-24 23:20:57,704 [INFO] [USDJPY] score=7.5 status=SIGNAL OPEN - MONITORING -> skip (Score 7.5 below minimum threshold 8)
2026-07-24 23:20:58,833 [INFO] [BTCUSD] score=2.5 status=NO TRADE -> skip (Score 2.5 below minimum threshold 8)
2026-07-24 23:22:01,303 [INFO] [XAUUSD] score=8.5 status=SIGNAL OPEN - MONITORING -> skip (Already at max positions (1) for XAUUSD)
2026-07-24 23:22:03,946 [INFO] [EURUSD] score=7.5 status=SIGNAL OPEN - MONITORING -> skip (Score 7.5 below minimum threshold 8)
2026-07-24 23:22:04,635 [INFO] [GBPUSD] score=0.5 status=NO TRADE -> skip (Score 0.5 below minimum threshold 8)
2026-07-24 23:22:05,646 [INFO] [USDJPY] score=7.5 status=SIGNAL OPEN - MONITORING -> skip (Score 7.5 below minimum threshold 8)
2026-07-24 23:22:06,615 [INFO] [BTCUSD] score=2.5 status=NO TRADE -> skip (Score 2.5 below minimum threshold 8)
2026-07-24 23:23:08,965 [INFO] [XAUUSD] score=8.5 status=SIGNAL OPEN - MONITORING -> skip (Already at max positions (1) for XAUUSD)
2026-07-24 23:23:10,127 [INFO] [EURUSD] score=7.5 status=SIGNAL OPEN - MONITORING -> skip (Score 7.5 below minimum threshold 8)
2026-07-24 23:23:10,848 [INFO] [GBPUSD] score=3.5 status=NO TRADE -> skip (Score 3.5 below minimum threshold 8)
2026-07-24 23:23:11,847 [INFO] [USDJPY] score=7.5 status=SIGNAL OPEN - MONITORING -> skip (Score 7.5 below minimum threshold 8)
2026-07-24 23:23:12,731 [INFO] [BTCUSD] score=2.5 status=NO TRADE -> skip (Score 2.5 below minimum threshold 8)
2026-07-24 23:24:14,681 [INFO] [XAUUSD] score=8.5 status=SIGNAL OPEN - MONITORING -> skip (Already at max positions (1) for XAUUSD)
2026-07-24 23:24:15,558 [INFO] [EURUSD] score=7.5 status=SIGNAL OPEN - MONITORING -> skip (Score 7.5 below minimum threshold 8)
2026-07-24 23:24:16,625 [INFO] [GBPUSD] score=3.5 status=NO TRADE -> skip (Score 3.5 below minimum threshold 8)
2026-07-24 23:24:17,535 [INFO] [USDJPY] score=7.5 status=SIGNAL OPEN - MONITORING -> skip (Score 7.5 below minimum threshold 8)
2026-07-24 23:24:18,410 [INFO] [BTCUSD] score=2.5 status=NO TRADE -> skip (Score 2.5 below minimum threshold 8)
2026-07-24 23:25:21,928 [INFO] [XAUUSD] score=8.5 status=SIGNAL OPEN - MONITORING -> skip (Already at max positions (1) for XAUUSD)
2026-07-24 23:25:22,936 [INFO] [EURUSD] score=7.5 status=SIGNAL OPEN - MONITORING -> skip (Score 7.5 below minimum threshold 8)
2026-07-24 23:25:23,794 [INFO] [GBPUSD] score=3.5 status=NO TRADE -> skip (Score 3.5 below minimum threshold 8)
2026-07-24 23:25:24,710 [INFO] [USDJPY] score=7.5 status=SIGNAL OPEN - MONITORING -> skip (Score 7.5 below minimum threshold 8)
2026-07-24 23:25:25,936 [INFO] [BTCUSD] score=2.5 status=NO TRADE -> skip (Score 2.5 below minimum threshold 8)
2026-07-24 23:26:29,056 [INFO] [XAUUSD] score=8.5 status=SIGNAL OPEN - MONITORING -> skip (Already at max positions (1) for XAUUSD)
2026-07-24 23:26:29,905 [INFO] [EURUSD] score=7.5 status=SIGNAL OPEN - MONITORING -> skip (Score 7.5 below minimum threshold 8)
2026-07-24 23:26:30,729 [INFO] [GBPUSD] score=3.5 status=NO TRADE -> skip (Score 3.5 below minimum threshold 8)
2026-07-24 23:26:31,913 [INFO] [USDJPY] score=7.5 status=SIGNAL OPEN - MONITORING -> skip (Score 7.5 below minimum threshold 8)
2026-07-24 23:26:32,912 [INFO] [BTCUSD] score=2.5 status=NO TRADE -> skip (Score 2.5 below minimum threshold 8)
2026-07-24 23:27:36,173 [INFO] [XAUUSD] score=8.5 status=SIGNAL OPEN - MONITORING -> skip (Already at max positions (1) for XAUUSD)
2026-07-24 23:27:37,031 [INFO] [EURUSD] score=7.5 status=SIGNAL OPEN - MONITORING -> skip (Score 7.5 below minimum threshold 8)
2026-07-24 23:27:38,122 [INFO] [GBPUSD] score=3.5 status=NO TRADE -> skip (Score 3.5 below minimum threshold 8)
2026-07-24 23:27:39,026 [INFO] [USDJPY] score=7.5 status=SIGNAL OPEN - MONITORING -> skip (Score 7.5 below minimum threshold 8)
2026-07-24 23:27:40,058 [INFO] [BTCUSD] score=2.5 status=NO TRADE -> skip (Score 2.5 below minimum threshold 8)
2026-07-24 23:28:43,130 [INFO] [XAUUSD] score=8.5 status=SIGNAL OPEN - MONITORING -> skip (Already at max positions (1) for XAUUSD)
2026-07-24 23:28:44,014 [INFO] [EURUSD] score=7.5 status=SIGNAL OPEN - MONITORING -> skip (Score 7.5 below minimum threshold 8)
2026-07-24 23:28:44,826 [INFO] [GBPUSD] score=3.5 status=NO TRADE -> skip (Score 3.5 below minimum threshold 8)
2026-07-24 23:28:45,912 [INFO] [USDJPY] score=7.5 status=SIGNAL OPEN - MONITORING -> skip (Score 7.5 below minimum threshold 8)
2026-07-24 23:28:46,960 [INFO] [BTCUSD] score=2.5 status=NO TRADE -> skip (Score 2.5 below minimum threshold 8)
2026-07-24 23:29:50,130 [INFO] [XAUUSD] score=8.5 status=SIGNAL OPEN - MONITORING -> skip (Already at max positions (1) for XAUUSD)
2026-07-24 23:29:51,019 [INFO] [EURUSD] score=7.5 status=SIGNAL OPEN - MONITORING -> skip (Score 7.5 below minimum threshold 8)
2026-07-24 23:29:51,814 [INFO] [GBPUSD] score=3.5 status=NO TRADE -> skip (Score 3.5 below minimum threshold 8)
2026-07-24 23:29:52,803 [INFO] [USDJPY] score=7.5 status=SIGNAL OPEN - MONITORING -> skip (Score 7.5 below minimum threshold 8)
2026-07-24 23:29:53,949 [INFO] [BTCUSD] score=2.5 status=NO TRADE -> skip (Score 2.5 below minimum threshold 8)
2026-07-24 23:30:57,113 [INFO] [XAUUSD] score=8.5 status=SIGNAL OPEN - MONITORING -> skip (Already at max positions (1) for XAUUSD)
2026-07-24 23:30:58,086 [INFO] [EURUSD] score=7.5 status=SIGNAL OPEN - MONITORING -> skip (Score 7.5 below minimum threshold 8)
2026-07-24 23:30:59,041 [INFO] [GBPUSD] score=3.5 status=NO TRADE -> skip (Score 3.5 below minimum threshold 8)
2026-07-24 23:31:00,030 [INFO] [USDJPY] score=7.5 status=SIGNAL OPEN - MONITORING -> skip (Score 7.5 below minimum threshold 8)
2026-07-24 23:31:01,005 [INFO] [BTCUSD] score=2.5 status=NO TRADE -> skip (Score 2.5 below minimum threshold 8)
2026-07-24 23:32:03,436 [INFO] [XAUUSD] score=8.5 status=SIGNAL OPEN - MONITORING -> skip (Already at max positions (1) for XAUUSD)
2026-07-24 23:32:04,333 [INFO] [EURUSD] score=7.5 status=SIGNAL OPEN - MONITORING -> skip (Score 7.5 below minimum threshold 8)
2026-07-24 23:32:05,113 [INFO] [GBPUSD] score=3.5 status=NO TRADE -> skip (Score 3.5 below minimum threshold 8)
2026-07-24 23:32:06,359 [INFO] [USDJPY] score=7.5 status=SIGNAL OPEN - MONITORING -> skip (Score 7.5 below minimum threshold 8)
2026-07-24 23:32:08,019 [INFO] [BTCUSD] score=2.5 status=NO TRADE -> skip (Score 2.5 below minimum threshold 8)
2026-07-24 23:33:10,425 [INFO] [XAUUSD] score=8.5 status=SIGNAL OPEN - MONITORING -> skip (Already at max positions (1) for XAUUSD)
2026-07-24 23:33:11,278 [INFO] [EURUSD] score=7.5 status=SIGNAL OPEN - MONITORING -> skip (Score 7.5 below minimum threshold 8)
2026-07-24 23:33:12,005 [INFO] [GBPUSD] score=3.5 status=NO TRADE -> skip (Score 3.5 below minimum threshold 8)
2026-07-24 23:33:12,927 [INFO] [USDJPY] score=7.5 status=SIGNAL OPEN - MONITORING -> skip (Score 7.5 below minimum threshold 8)
2026-07-24 23:33:15,010 [INFO] [BTCUSD] score=2.5 status=NO TRADE -> skip (Score 2.5 below minimum threshold 8)
2026-07-24 23:34:16,940 [INFO] [XAUUSD] score=8.5 status=SIGNAL OPEN - MONITORING -> skip (Already at max positions (1) for XAUUSD)
2026-07-24 23:34:18,011 [INFO] [EURUSD] score=7.5 status=SIGNAL OPEN - MONITORING -> skip (Score 7.5 below minimum threshold 8)
2026-07-24 23:34:18,818 [INFO] [GBPUSD] score=3.5 status=NO TRADE -> skip (Score 3.5 below minimum threshold 8)
2026-07-24 23:34:19,841 [INFO] [USDJPY] score=7.5 status=SIGNAL OPEN - MONITORING -> skip (Score 7.5 below minimum threshold 8)
2026-07-24 23:34:20,833 [INFO] [BTCUSD] score=2.5 status=NO TRADE -> skip (Score 2.5 below minimum threshold 8)
2026-07-24 23:35:24,105 [INFO] [XAUUSD] score=8.5 status=SIGNAL OPEN - MONITORING -> skip (Already at max positions (1) for XAUUSD)
2026-07-24 23:35:25,102 [INFO] [EURUSD] score=7.5 status=SIGNAL OPEN - MONITORING -> skip (Score 7.5 below minimum threshold 8)
2026-07-24 23:35:25,916 [INFO] [GBPUSD] score=3.5 status=NO TRADE -> skip (Score 3.5 below minimum threshold 8)
2026-07-24 23:35:26,854 [INFO] [USDJPY] score=7.5 status=SIGNAL OPEN - MONITORING -> skip (Score 7.5 below minimum threshold 8)
2026-07-24 23:35:27,794 [INFO] [BTCUSD] score=2.5 status=NO TRADE -> skip (Score 2.5 below minimum threshold 8)
2026-07-24 23:36:30,910 [INFO] [XAUUSD] score=8.5 status=SIGNAL OPEN - MONITORING -> skip (Already at max positions (1) for XAUUSD)
2026-07-24 23:36:31,937 [INFO] [EURUSD] score=7.5 status=SIGNAL OPEN - MONITORING -> skip (Score 7.5 below minimum threshold 8)
2026-07-24 23:36:33,317 [INFO] [GBPUSD] score=3.5 status=NO TRADE -> skip (Score 3.5 below minimum threshold 8)
2026-07-24 23:36:34,219 [INFO] [USDJPY] score=7.5 status=SIGNAL OPEN - MONITORING -> skip (Score 7.5 below minimum threshold 8)
2026-07-24 23:36:35,510 [INFO] [BTCUSD] score=2.5 status=NO TRADE -> skip (Score 2.5 below minimum threshold 8)
2026-07-24 23:37:38,729 [INFO] [XAUUSD] score=8.5 status=SIGNAL OPEN - MONITORING -> skip (Already at max positions (1) for XAUUSD)
2026-07-24 23:37:39,738 [INFO] [EURUSD] score=7.5 status=SIGNAL OPEN - MONITORING -> skip (Score 7.5 below minimum threshold 8)
2026-07-24 23:37:40,825 [INFO] [GBPUSD] score=3.5 status=NO TRADE -> skip (Score 3.5 below minimum threshold 8)
2026-07-24 23:37:41,809 [INFO] [USDJPY] score=7.5 status=SIGNAL OPEN - MONITORING -> skip (Score 7.5 below minimum threshold 8)
2026-07-24 23:37:42,923 [INFO] [BTCUSD] score=2.5 status=NO TRADE -> skip (Score 2.5 below minimum threshold 8)
2026-07-24 23:38:46,555 [INFO] [XAUUSD] score=8.5 status=SIGNAL OPEN - MONITORING -> skip (Already at max positions (1) for XAUUSD)
2026-07-24 23:38:48,097 [INFO] [EURUSD] score=7.5 status=SIGNAL OPEN - MONITORING -> skip (Score 7.5 below minimum threshold 8)
2026-07-24 23:38:48,939 [INFO] [GBPUSD] score=3.5 status=NO TRADE -> skip (Score 3.5 below minimum threshold 8)
2026-07-24 23:38:50,604 [INFO] [USDJPY] score=7.5 status=SIGNAL OPEN - MONITORING -> skip (Score 7.5 below minimum threshold 8)
2026-07-24 23:38:52,510 [INFO] [BTCUSD] score=2.5 status=NO TRADE -> skip (Score 2.5 below minimum threshold 8)
2026-07-24 23:39:56,202 [INFO] [XAUUSD] score=8.5 status=SIGNAL OPEN - MONITORING -> skip (Already at max positions (1) for XAUUSD)
2026-07-24 23:39:57,311 [INFO] [EURUSD] score=7.5 status=SIGNAL OPEN - MONITORING -> skip (Score 7.5 below minimum threshold 8)
2026-07-24 23:39:58,372 [INFO] [GBPUSD] score=3.5 status=NO TRADE -> skip (Score 3.5 below minimum threshold 8)
2026-07-24 23:39:59,582 [INFO] [USDJPY] score=7.5 status=SIGNAL OPEN - MONITORING -> skip (Score 7.5 below minimum threshold 8)
2026-07-24 23:40:00,821 [INFO] [BTCUSD] score=2.5 status=NO TRADE -> skip (Score 2.5 below minimum threshold 8)
2026-07-24 23:41:03,804 [INFO] [XAUUSD] score=8.5 status=SIGNAL OPEN - MONITORING -> skip (Already at max positions (1) for XAUUSD)
2026-07-24 23:41:05,402 [INFO] [EURUSD] score=7.5 status=SIGNAL OPEN - MONITORING -> skip (Score 7.5 below minimum threshold 8)
2026-07-24 23:41:06,242 [INFO] [GBPUSD] score=3.5 status=NO TRADE -> skip (Score 3.5 below minimum threshold 8)
2026-07-24 23:41:07,295 [INFO] [USDJPY] score=7.5 status=SIGNAL OPEN - MONITORING -> skip (Score 7.5 below minimum threshold 8)
2026-07-24 23:41:08,700 [INFO] [BTCUSD] score=2.5 status=NO TRADE -> skip (Score 2.5 below minimum threshold 8)
2026-07-24 23:42:12,446 [INFO] [XAUUSD] score=8.5 status=SIGNAL OPEN - MONITORING -> skip (Already at max positions (1) for XAUUSD)
2026-07-24 23:42:13,712 [INFO] [EURUSD] score=7.5 status=SIGNAL OPEN - MONITORING -> skip (Score 7.5 below minimum threshold 8)
2026-07-24 23:42:14,446 [INFO] [GBPUSD] score=3.5 status=NO TRADE -> skip (Score 3.5 below minimum threshold 8)
2026-07-24 23:42:15,922 [INFO] [USDJPY] score=7.5 status=SIGNAL OPEN - MONITORING -> skip (Score 7.5 below minimum threshold 8)
2026-07-24 23:42:16,836 [INFO] [BTCUSD] score=2.5 status=NO TRADE -> skip (Score 2.5 below minimum threshold 8)
2026-07-24 23:43:20,019 [INFO] [XAUUSD] score=8.5 status=SIGNAL OPEN - MONITORING -> skip (Already at max positions (1) for XAUUSD)
2026-07-24 23:43:21,026 [INFO] [EURUSD] score=7.5 status=SIGNAL OPEN - MONITORING -> skip (Score 7.5 below minimum threshold 8)
2026-07-24 23:43:21,925 [INFO] [GBPUSD] score=3.5 status=NO TRADE -> skip (Score 3.5 below minimum threshold 8)
2026-07-24 23:43:22,870 [INFO] [USDJPY] score=7.5 status=SIGNAL OPEN - MONITORING -> skip (Score 7.5 below minimum threshold 8)
2026-07-24 23:43:23,961 [INFO] [BTCUSD] score=2.5 status=NO TRADE -> skip (Score 2.5 below minimum threshold 8)
2026-07-24 23:44:27,209 [INFO] [XAUUSD] score=8.5 status=SIGNAL OPEN - MONITORING -> skip (Already at max positions (1) for XAUUSD)
2026-07-24 23:44:28,071 [INFO] [EURUSD] score=7.5 status=SIGNAL OPEN - MONITORING -> skip (Score 7.5 below minimum threshold 8)
2026-07-24 23:44:29,696 [INFO] [GBPUSD] score=3.5 status=NO TRADE -> skip (Score 3.5 below minimum threshold 8)
2026-07-24 23:44:30,620 [INFO] [USDJPY] score=7.5 status=SIGNAL OPEN - MONITORING -> skip (Score 7.5 below minimum threshold 8)
2026-07-24 23:44:31,911 [INFO] [BTCUSD] score=2.5 status=NO TRADE -> skip (Score 2.5 below minimum threshold 8)
2026-07-24 23:45:35,303 [INFO] [XAUUSD] score=8.5 status=SIGNAL OPEN - MONITORING -> skip (Already at max positions (1) for XAUUSD)
2026-07-24 23:45:36,307 [INFO] [EURUSD] score=7.5 status=SIGNAL OPEN - MONITORING -> skip (Score 7.5 below minimum threshold 8)
2026-07-24 23:45:37,539 [INFO] [GBPUSD] score=3.5 status=NO TRADE -> skip (Score 3.5 below minimum threshold 8)
2026-07-24 23:45:39,408 [INFO] [USDJPY] score=7.5 status=SIGNAL OPEN - MONITORING -> skip (Score 7.5 below minimum threshold 8)
2026-07-24 23:45:40,475 [INFO] [BTCUSD] score=2.5 status=NO TRADE -> skip (Score 2.5 below minimum threshold 8)
2026-07-24 23:46:44,337 [INFO] [XAUUSD] score=8.5 status=SIGNAL OPEN - MONITORING -> skip (Already at max positions (1) for XAUUSD)
2026-07-24 23:46:45,289 [INFO] [EURUSD] score=7.5 status=SIGNAL OPEN - MONITORING -> skip (Score 7.5 below minimum threshold 8)
2026-07-24 23:46:46,088 [INFO] [GBPUSD] score=0.5 status=NO TRADE -> skip (Score 0.5 below minimum threshold 8)
2026-07-24 23:46:47,289 [INFO] [USDJPY] score=7.5 status=SIGNAL OPEN - MONITORING -> skip (Score 7.5 below minimum threshold 8)
2026-07-24 23:46:48,296 [INFO] [BTCUSD] score=2.5 status=NO TRADE -> skip (Score 2.5 below minimum threshold 8)
2026-07-24 23:47:51,771 [INFO] [XAUUSD] score=8.5 status=SIGNAL OPEN - MONITORING -> skip (Already at max positions (1) for XAUUSD)
2026-07-24 23:47:52,700 [INFO] [EURUSD] score=7.5 status=SIGNAL OPEN - MONITORING -> skip (Score 7.5 below minimum threshold 8)
2026-07-24 23:47:54,149 [INFO] [GBPUSD] score=0.5 status=NO TRADE -> skip (Score 0.5 below minimum threshold 8)
2026-07-24 23:47:55,210 [INFO] [USDJPY] score=7.5 status=SIGNAL OPEN - MONITORING -> skip (Score 7.5 below minimum threshold 8)
2026-07-24 23:47:56,934 [INFO] [BTCUSD] score=2.5 status=NO TRADE -> skip (Score 2.5 below minimum threshold 8)
2026-07-24 23:48:59,742 [INFO] [XAUUSD] score=8.5 status=SIGNAL OPEN - MONITORING -> skip (Already at max positions (1) for XAUUSD)
2026-07-24 23:49:00,625 [INFO] [EURUSD] score=7.5 status=SIGNAL OPEN - MONITORING -> skip (Score 7.5 below minimum threshold 8)
2026-07-24 23:49:01,396 [INFO] [GBPUSD] score=3.5 status=NO TRADE -> skip (Score 3.5 below minimum threshold 8)
2026-07-24 23:49:02,323 [INFO] [USDJPY] score=7.5 status=SIGNAL OPEN - MONITORING -> skip (Score 7.5 below minimum threshold 8)
2026-07-24 23:49:03,448 [INFO] [BTCUSD] score=2.5 status=NO TRADE -> skip (Score 2.5 below minimum threshold 8)
2026-07-24 23:50:05,506 [INFO] [XAUUSD] score=8.5 status=SIGNAL OPEN - MONITORING -> skip (Already at max positions (1) for XAUUSD)
2026-07-24 23:50:06,368 [INFO] [EURUSD] score=7.5 status=SIGNAL OPEN - MONITORING -> skip (Score 7.5 below minimum threshold 8)
2026-07-24 23:50:07,226 [INFO] [GBPUSD] score=0.5 status=NO TRADE -> skip (Score 0.5 below minimum threshold 8)
2026-07-24 23:50:08,220 [INFO] [USDJPY] score=7.5 status=SIGNAL OPEN - MONITORING -> skip (Score 7.5 below minimum threshold 8)
2026-07-24 23:50:09,398 [INFO] [BTCUSD] score=2.5 status=NO TRADE -> skip (Score 2.5 below minimum threshold 8)
2026-07-24 23:51:11,305 [INFO] [XAUUSD] score=8.5 status=SIGNAL OPEN - MONITORING -> skip (Already at max positions (1) for XAUUSD)
2026-07-24 23:51:12,107 [INFO] [EURUSD] score=7.5 status=SIGNAL OPEN - MONITORING -> skip (Score 7.5 below minimum threshold 8)
2026-07-24 23:51:13,155 [INFO] [GBPUSD] score=0.5 status=NO TRADE -> skip (Score 0.5 below minimum threshold 8)
2026-07-24 23:51:14,142 [INFO] [USDJPY] score=7.5 status=SIGNAL OPEN - MONITORING -> skip (Score 7.5 below minimum threshold 8)
2026-07-24 23:51:15,289 [INFO] [BTCUSD] score=2.5 status=NO TRADE -> skip (Score 2.5 below minimum threshold 8)
2026-07-24 23:52:18,563 [INFO] [XAUUSD] score=8.5 status=SIGNAL OPEN - MONITORING -> skip (Already at max positions (1) for XAUUSD)
2026-07-24 23:52:19,566 [INFO] [EURUSD] score=7.5 status=SIGNAL OPEN - MONITORING -> skip (Score 7.5 below minimum threshold 8)
2026-07-24 23:52:20,433 [INFO] [GBPUSD] score=0.5 status=NO TRADE -> skip (Score 0.5 below minimum threshold 8)
2026-07-24 23:52:21,329 [INFO] [USDJPY] score=7.5 status=SIGNAL OPEN - MONITORING -> skip (Score 7.5 below minimum threshold 8)
2026-07-24 23:52:22,386 [INFO] [BTCUSD] score=2.5 status=NO TRADE -> skip (Score 2.5 below minimum threshold 8)
2026-07-24 23:53:25,593 [INFO] [XAUUSD] score=8.5 status=SIGNAL OPEN - MONITORING -> skip (Already at max positions (1) for XAUUSD)
2026-07-24 23:53:26,800 [INFO] [EURUSD] score=7.5 status=SIGNAL OPEN - MONITORING -> skip (Score 7.5 below minimum threshold 8)
2026-07-24 23:53:27,992 [INFO] [GBPUSD] score=0.5 status=NO TRADE -> skip (Score 0.5 below minimum threshold 8)
2026-07-24 23:53:28,958 [INFO] [USDJPY] score=7.5 status=SIGNAL OPEN - MONITORING -> skip (Score 7.5 below minimum threshold 8)
2026-07-24 23:53:30,001 [INFO] [BTCUSD] score=2.5 status=NO TRADE -> skip (Score 2.5 below minimum threshold 8)
2026-07-24 23:54:33,094 [INFO] [XAUUSD] score=8.5 status=SIGNAL OPEN - MONITORING -> skip (Already at max positions (1) for XAUUSD)
2026-07-24 23:54:34,600 [INFO] [EURUSD] score=7.5 status=SIGNAL OPEN - MONITORING -> skip (Score 7.5 below minimum threshold 8)
2026-07-24 23:54:35,469 [INFO] [GBPUSD] score=3.5 status=NO TRADE -> skip (Score 3.5 below minimum threshold 8)
2026-07-24 23:54:36,591 [INFO] [USDJPY] score=7.5 status=SIGNAL OPEN - MONITORING -> skip (Score 7.5 below minimum threshold 8)
2026-07-24 23:54:38,001 [INFO] [BTCUSD] score=2.5 status=NO TRADE -> skip (Score 2.5 below minimum threshold 8)
2026-07-24 23:55:41,588 [INFO] [XAUUSD] score=8.5 status=SIGNAL OPEN - MONITORING -> skip (Already at max positions (1) for XAUUSD)
2026-07-24 23:55:42,511 [INFO] [EURUSD] score=7.5 status=SIGNAL OPEN - MONITORING -> skip (Score 7.5 below minimum threshold 8)
2026-07-24 23:55:43,306 [INFO] [GBPUSD] score=3.5 status=NO TRADE -> skip (Score 3.5 below minimum threshold 8)
2026-07-24 23:55:44,176 [INFO] [USDJPY] score=7.5 status=SIGNAL OPEN - MONITORING -> skip (Score 7.5 below minimum threshold 8)
2026-07-24 23:55:45,217 [INFO] [BTCUSD] score=2.5 status=NO TRADE -> skip (Score 2.5 below minimum threshold 8)
2026-07-24 23:56:48,295 [INFO] [XAUUSD] score=8.5 status=SIGNAL OPEN - MONITORING -> skip (Already at max positions (1) for XAUUSD)
2026-07-24 23:56:49,318 [INFO] [EURUSD] score=7.5 status=SIGNAL OPEN - MONITORING -> skip (Score 7.5 below minimum threshold 8)
2026-07-24 23:56:50,090 [INFO] [GBPUSD] score=3.5 status=NO TRADE -> skip (Score 3.5 below minimum threshold 8)
2026-07-24 23:56:50,976 [INFO] [USDJPY] score=7.5 status=SIGNAL OPEN - MONITORING -> skip (Score 7.5 below minimum threshold 8)
2026-07-24 23:56:52,199 [INFO] [BTCUSD] score=2.5 status=NO TRADE -> skip (Score 2.5 below minimum threshold 8)
2026-07-24 23:57:55,368 [INFO] [XAUUSD] score=8.5 status=SIGNAL OPEN - MONITORING -> skip (Already at max positions (1) for XAUUSD)
2026-07-24 23:57:56,343 [INFO] [EURUSD] score=7.5 status=SIGNAL OPEN - MONITORING -> skip (Score 7.5 below minimum threshold 8)
2026-07-24 23:57:57,275 [INFO] [GBPUSD] score=3.5 status=NO TRADE -> skip (Score 3.5 below minimum threshold 8)
2026-07-24 23:57:58,492 [INFO] [USDJPY] score=7.5 status=SIGNAL OPEN - MONITORING -> skip (Score 7.5 below minimum threshold 8)
2026-07-24 23:57:59,483 [INFO] [BTCUSD] score=5.5 status=WATCH -> skip (Score 5.5 below minimum threshold 8)
2026-07-24 23:59:01,370 [INFO] [XAUUSD] score=8.5 status=SIGNAL OPEN - MONITORING -> skip (Already at max positions (1) for XAUUSD)
2026-07-24 23:59:02,164 [INFO] [EURUSD] score=7.5 status=SIGNAL OPEN - MONITORING -> skip (Score 7.5 below minimum threshold 8)
2026-07-24 23:59:03,890 [INFO] [GBPUSD] score=3.5 status=NO TRADE -> skip (Score 3.5 below minimum threshold 8)
2026-07-24 23:59:04,942 [INFO] [USDJPY] score=7.5 status=SIGNAL OPEN - MONITORING -> skip (Score 7.5 below minimum threshold 8)
2026-07-24 23:59:05,874 [INFO] [BTCUSD] score=5.5 status=WATCH -> skip (Score 5.5 below minimum threshold 8)
2026-07-25 00:00:07,761 [INFO] [XAUUSD] score=8.5 status=SIGNAL OPEN - MONITORING -> skip (Already at max positions (1) for XAUUSD)
2026-07-25 00:00:08,588 [INFO] [EURUSD] score=7.5 status=SIGNAL OPEN - MONITORING -> skip (Score 7.5 below minimum threshold 8)
2026-07-25 00:00:09,391 [INFO] [GBPUSD] score=3.5 status=NO TRADE -> skip (Score 3.5 below minimum threshold 8)
2026-07-25 00:00:10,718 [INFO] [USDJPY] score=7.5 status=SIGNAL OPEN - MONITORING -> skip (Score 7.5 below minimum threshold 8)
2026-07-25 00:00:11,950 [INFO] [BTCUSD] score=7.5 status=A+ SETUP -> skip (Score 7.5 below minimum threshold 8)
2026-07-25 00:01:13,900 [INFO] [XAUUSD] score=8.5 status=SIGNAL OPEN - MONITORING -> skip (Already at max positions (1) for XAUUSD)
2026-07-25 00:01:15,252 [INFO] [EURUSD] score=7.5 status=SIGNAL OPEN - MONITORING -> skip (Score 7.5 below minimum threshold 8)
2026-07-25 00:01:16,083 [INFO] [GBPUSD] score=3.5 status=NO TRADE -> skip (Score 3.5 below minimum threshold 8)
2026-07-25 00:01:17,087 [INFO] [USDJPY] score=7.5 status=SIGNAL OPEN - MONITORING -> skip (Score 7.5 below minimum threshold 8)
2026-07-25 00:01:18,139 [INFO] [BTCUSD] score=7.5 status=SIGNAL OPEN - MONITORING -> skip (Score 7.5 below minimum threshold 8)
2026-07-25 00:02:21,199 [INFO] [XAUUSD] score=8.5 status=SIGNAL OPEN - MONITORING -> skip (Already at max positions (1) for XAUUSD)
2026-07-25 00:02:22,220 [INFO] [EURUSD] score=7.5 status=SIGNAL OPEN - MONITORING -> skip (Score 7.5 below minimum threshold 8)
2026-07-25 00:02:23,013 [INFO] [GBPUSD] score=0.5 status=NO TRADE -> skip (Score 0.5 below minimum threshold 8)
2026-07-25 00:02:23,919 [INFO] [USDJPY] score=7.5 status=SIGNAL OPEN - MONITORING -> skip (Score 7.5 below minimum threshold 8)
2026-07-25 00:02:24,995 [INFO] [BTCUSD] score=7.5 status=SIGNAL OPEN - MONITORING -> skip (Score 7.5 below minimum threshold 8)
2026-07-25 00:03:28,542 [INFO] [XAUUSD] score=8.5 status=SIGNAL OPEN - MONITORING -> skip (Already at max positions (1) for XAUUSD)
2026-07-25 00:03:29,631 [INFO] [EURUSD] score=7.5 status=SIGNAL OPEN - MONITORING -> skip (Score 7.5 below minimum threshold 8)
2026-07-25 00:03:30,480 [INFO] [GBPUSD] score=0.5 status=NO TRADE -> skip (Score 0.5 below minimum threshold 8)
2026-07-25 00:03:31,416 [INFO] [USDJPY] score=7.5 status=SIGNAL OPEN - MONITORING -> skip (Score 7.5 below minimum threshold 8)
2026-07-25 00:03:32,535 [INFO] [BTCUSD] score=7.5 status=SIGNAL OPEN - MONITORING -> skip (Score 7.5 below minimum threshold 8)
2026-07-25 00:04:35,600 [INFO] [XAUUSD] score=8.5 status=SIGNAL OPEN - MONITORING -> skip (Already at max positions (1) for XAUUSD)
2026-07-25 00:04:36,676 [INFO] [EURUSD] score=7.5 status=SIGNAL OPEN - MONITORING -> skip (Score 7.5 below minimum threshold 8)
2026-07-25 00:04:37,586 [INFO] [GBPUSD] score=0.5 status=NO TRADE -> skip (Score 0.5 below minimum threshold 8)
2026-07-25 00:04:38,470 [INFO] [USDJPY] score=7.5 status=SIGNAL OPEN - MONITORING -> skip (Score 7.5 below minimum threshold 8)
2026-07-25 00:04:39,513 [INFO] [BTCUSD] score=7.5 status=SIGNAL OPEN - MONITORING -> skip (Score 7.5 below minimum threshold 8)
2026-07-25 00:05:42,584 [INFO] [XAUUSD] score=8.5 status=SIGNAL OPEN - MONITORING -> skip (Already at max positions (1) for XAUUSD)
2026-07-25 00:05:43,586 [INFO] [EURUSD] score=7.5 status=SIGNAL OPEN - MONITORING -> skip (Score 7.5 below minimum threshold 8)
2026-07-25 00:05:44,430 [INFO] [GBPUSD] score=0.5 status=NO TRADE -> skip (Score 0.5 below minimum threshold 8)
2026-07-25 00:05:45,379 [INFO] [USDJPY] score=7.5 status=SIGNAL OPEN - MONITORING -> skip (Score 7.5 below minimum threshold 8)
2026-07-25 00:05:46,524 [INFO] [BTCUSD] score=7.5 status=SIGNAL OPEN - MONITORING -> skip (Score 7.5 below minimum threshold 8)
2026-07-25 00:06:49,634 [INFO] [XAUUSD] score=8.5 status=SIGNAL OPEN - MONITORING -> skip (Already at max positions (1) for XAUUSD)
2026-07-25 00:06:50,496 [INFO] [EURUSD] score=7.5 status=SIGNAL OPEN - MONITORING -> skip (Score 7.5 below minimum threshold 8)
2026-07-25 00:06:51,336 [INFO] [GBPUSD] score=0.5 status=NO TRADE -> skip (Score 0.5 below minimum threshold 8)
2026-07-25 00:06:52,284 [INFO] [USDJPY] score=7.5 status=SIGNAL OPEN - MONITORING -> skip (Score 7.5 below minimum threshold 8)
2026-07-25 00:06:53,291 [INFO] [BTCUSD] score=7.5 status=SIGNAL OPEN - MONITORING -> skip (Score 7.5 below minimum threshold 8)
2026-07-25 00:07:56,408 [INFO] [XAUUSD] score=8.5 status=SIGNAL OPEN - MONITORING -> skip (Already at max positions (1) for XAUUSD)
2026-07-25 00:07:58,131 [INFO] [EURUSD] score=7.5 status=SIGNAL OPEN - MONITORING -> skip (Score 7.5 below minimum threshold 8)
2026-07-25 00:07:58,790 [INFO] [GBPUSD] score=0.5 status=NO TRADE -> skip (Score 0.5 below minimum threshold 8)
2026-07-25 00:07:59,711 [INFO] [USDJPY] score=7.5 status=SIGNAL OPEN - MONITORING -> skip (Score 7.5 below minimum threshold 8)
2026-07-25 00:08:01,896 [INFO] [BTCUSD] score=7.5 status=SIGNAL OPEN - MONITORING -> skip (Score 7.5 below minimum threshold 8)
2026-07-25 00:09:04,186 [INFO] [XAUUSD] score=8.5 status=SIGNAL OPEN - MONITORING -> skip (Already at max positions (1) for XAUUSD)
2026-07-25 00:09:04,988 [INFO] [EURUSD] score=7.5 status=SIGNAL OPEN - MONITORING -> skip (Score 7.5 below minimum threshold 8)
2026-07-25 00:09:05,766 [INFO] [GBPUSD] score=0.5 status=NO TRADE -> skip (Score 0.5 below minimum threshold 8)
2026-07-25 00:09:06,892 [INFO] [USDJPY] score=7.5 status=SIGNAL OPEN - MONITORING -> skip (Score 7.5 below minimum threshold 8)
2026-07-25 00:09:08,002 [INFO] [BTCUSD] score=7.5 status=SIGNAL OPEN - MONITORING -> skip (Score 7.5 below minimum threshold 8)
2026-07-25 00:10:10,017 [INFO] [XAUUSD] score=8.5 status=SIGNAL OPEN - MONITORING -> skip (Already at max positions (1) for XAUUSD)
2026-07-25 00:10:10,794 [INFO] [EURUSD] score=7.5 status=SIGNAL OPEN - MONITORING -> skip (Score 7.5 below minimum threshold 8)
2026-07-25 00:10:11,598 [INFO] [GBPUSD] score=0.5 status=NO TRADE -> skip (Score 0.5 below minimum threshold 8)
2026-07-25 00:10:13,629 [INFO] [USDJPY] score=7.5 status=SIGNAL OPEN - MONITORING -> skip (Score 7.5 below minimum threshold 8)
2026-07-25 00:10:14,723 [INFO] [BTCUSD] score=7.5 status=SIGNAL OPEN - MONITORING -> skip (Score 7.5 below minimum threshold 8)
2026-07-25 00:11:16,594 [INFO] [XAUUSD] score=8.5 status=SIGNAL OPEN - MONITORING -> skip (Already at max positions (1) for XAUUSD)
2026-07-25 00:11:17,389 [INFO] [EURUSD] score=7.5 status=SIGNAL OPEN - MONITORING -> skip (Score 7.5 below minimum threshold 8)
2026-07-25 00:11:18,097 [INFO] [GBPUSD] score=0.5 status=NO TRADE -> skip (Score 0.5 below minimum threshold 8)
2026-07-25 00:11:19,077 [INFO] [USDJPY] score=7.5 status=SIGNAL OPEN - MONITORING -> skip (Score 7.5 below minimum threshold 8)
2026-07-25 00:11:20,130 [INFO] [BTCUSD] score=7.5 status=SIGNAL OPEN - MONITORING -> skip (Score 7.5 below minimum threshold 8)
2026-07-25 00:12:23,336 [INFO] [XAUUSD] score=8.5 status=SIGNAL OPEN - MONITORING -> skip (Already at max positions (1) for XAUUSD)
2026-07-25 00:12:24,182 [INFO] [EURUSD] score=7.5 status=SIGNAL OPEN - MONITORING -> skip (Score 7.5 below minimum threshold 8)
2026-07-25 00:12:25,112 [INFO] [GBPUSD] score=0.5 status=NO TRADE -> skip (Score 0.5 below minimum threshold 8)
2026-07-25 00:12:26,031 [INFO] [USDJPY] score=7.5 status=SIGNAL OPEN - MONITORING -> skip (Score 7.5 below minimum threshold 8)
2026-07-25 00:12:27,000 [INFO] [BTCUSD] score=7.5 status=SIGNAL OPEN - MONITORING -> skip (Score 7.5 below minimum threshold 8)
2026-07-25 00:13:30,103 [INFO] [XAUUSD] score=8.5 status=SIGNAL OPEN - MONITORING -> skip (Already at max positions (1) for XAUUSD)
2026-07-25 00:13:31,525 [INFO] [EURUSD] score=7.5 status=SIGNAL OPEN - MONITORING -> skip (Score 7.5 below minimum threshold 8)
2026-07-25 00:13:32,313 [INFO] [GBPUSD] score=0.5 status=NO TRADE -> skip (Score 0.5 below minimum threshold 8)
2026-07-25 00:13:33,293 [INFO] [USDJPY] score=7.5 status=SIGNAL OPEN - MONITORING -> skip (Score 7.5 below minimum threshold 8)
2026-07-25 00:13:34,542 [INFO] [BTCUSD] score=7.5 status=SIGNAL OPEN - MONITORING -> skip (Score 7.5 below minimum threshold 8)
2026-07-25 00:14:37,762 [INFO] [XAUUSD] score=8.5 status=SIGNAL OPEN - MONITORING -> skip (Already at max positions (1) for XAUUSD)
2026-07-25 00:14:38,704 [INFO] [EURUSD] score=7.5 status=SIGNAL OPEN - MONITORING -> skip (Score 7.5 below minimum threshold 8)
2026-07-25 00:14:39,632 [INFO] [GBPUSD] score=0.5 status=NO TRADE -> skip (Score 0.5 below minimum threshold 8)
2026-07-25 00:14:40,750 [INFO] [USDJPY] score=7.5 status=SIGNAL OPEN - MONITORING -> skip (Score 7.5 below minimum threshold 8)
2026-07-25 00:14:42,337 [INFO] [BTCUSD] score=7.5 status=SIGNAL OPEN - MONITORING -> skip (Score 7.5 below minimum threshold 8)
2026-07-25 00:15:45,585 [INFO] [XAUUSD] score=8.5 status=SIGNAL OPEN - MONITORING -> skip (Already at max positions (1) for XAUUSD)
2026-07-25 00:15:47,041 [INFO] [EURUSD] score=7.5 status=SIGNAL OPEN - MONITORING -> skip (Score 7.5 below minimum threshold 8)
2026-07-25 00:15:47,840 [INFO] [GBPUSD] score=0.5 status=NO TRADE -> skip (Score 0.5 below minimum threshold 8)
2026-07-25 00:15:48,772 [INFO] [USDJPY] score=7.5 status=SIGNAL OPEN - MONITORING -> skip (Score 7.5 below minimum threshold 8)
2026-07-25 00:15:49,832 [INFO] [BTCUSD] score=7.5 status=SIGNAL OPEN - MONITORING -> skip (Score 7.5 below minimum threshold 8)
2026-07-28 22:01:21,285 [INFO] Connected to MT5. Account: 436984922, Balance: 100.0 USD
2026-07-28 22:01:21,292 [INFO] Polling https://khala-trading.onrender.com every 60s for symbols: ['XAUUSD', 'EURUSD', 'GBPUSD', 'USDJPY', 'BTCUSD']
2026-07-28 22:01:21,292 [INFO] Create a file named KILL_SWITCH in Z:\home\khala\projects\khala-trading anytime to halt trading instantly.
2026-07-28 22:01:21,293 [ERROR] KHALA_ADMIN_PASSWORD is not set -- cannot authenticate with the signal API.
2026-07-28 22:01:21,295 [ERROR] Set it via environment variable or edit ADMIN_PASSWORD in the CONFIG section.
